{
  "Top": "dataflow",
  "RtlTop": "a0_dataflow",
  "RtlPrefix": "a0_",
  "SourceLanguage": "cpp",
  "ResetStyle": "control",
  "GenerateBdFiles": "0",
  "HostMachineBits": "64",
  "Target": {
    "Family": "zynq",
    "Device": "xc7z020",
    "Package": "clg400",
    "Speed": "-1"
  },
  "HlsSolution": {
    "Config": ["config_rtl -reset_level=low -prefix=a0_"],
    "Directives": [
      "interface dataflow {{ap_fifo positionBoolean0mode} {port positionBooleanTextRequireda}} {}",
      "interface dataflow {{ap_fifo positionBoolean0mode} {port positionBooleanTextRequiredb}} {}",
      "latency dataflow {{min 1}} {}"
    ]
  },
  "ClockInfo": {
    "ClockName": "ap_clk",
    "ClockPeriod": "10",
    "IsCombLogic": "0",
    "II": "x",
    "Latency": "97",
    "Uncertainty": "2.7"
  },
  "Xdc": {"OocClocks": ["create_clock -name ap_clk -period 10.000 [get_ports ap_clk]"]},
  "Ipx": {
    "Vendor": "xilinx.com",
    "Library": "hls",
    "Name": "dataflow",
    "Version": "1.0",
    "DisplayName": "Dataflow",
    "Revision": "",
    "Description": "An IP generated by Vivado HLS",
    "Taxonomy": "\/VIVADO_HLS_IP"
  },
  "Files": {
    "CSource": ["C:\/xup\/SDSoC\/labs\/lab1\/src\/dataflow.cpp"],
    "Vhdl": [
      "impl\/vhdl\/a0_dataflow_p_int.vhd",
      "impl\/vhdl\/a0_dataflow_p_int_memcore.vhd",
      "impl\/vhdl\/a0_Loop_1_proc.vhd",
      "impl\/vhdl\/a0_Loop_2_proc.vhd",
      "impl\/vhdl\/a0_dataflow.vhd"
    ],
    "Verilog": [
      "impl\/verilog\/a0_dataflow_p_int.v",
      "impl\/verilog\/a0_dataflow_p_int_memcore.v",
      "impl\/verilog\/a0_Loop_1_proc.v",
      "impl\/verilog\/a0_Loop_2_proc.v",
      "impl\/verilog\/a0_dataflow.v"
    ],
    "Misc": ["impl\/misc\/logo.png"]
  },
  "SubcoreInfo": {
    "HasXpmMemory": false,
    "HasClockedDsp": false,
    "IP": []
  },
  "Interfaces": {
    "a": {
      "type": "ap_fifo",
      "fifo_width": "16",
      "fifo_type": "read",
      "ctype": {
        "RD_DATA": {
          "Type": "integer signed",
          "Width": "16"
        },
        "EMPTY_N": {"Type": "bool"},
        "RD_EN": {"Type": "bool"}
      }
    },
    "ap_clk": {
      "type": "clock",
      "ctype": {"CLK": {"Type": "bool"}},
      "reset": "ap_rst_n"
    },
    "ap_ctrl": {
      "type": "ap_ctrl",
      "ctrl_ports": "ap_done ap_start ap_ready ap_idle",
      "ctype": {
        "done": {"Type": "bool"},
        "start": {"Type": "bool"},
        "ready": {"Type": "bool"},
        "idle": {"Type": "bool"}
      }
    },
    "ap_rst_n": {
      "type": "reset",
      "polarity": "ACTIVE_LOW",
      "ctype": {"RST": {"Type": "bool"}}
    },
    "b": {
      "type": "ap_fifo",
      "fifo_width": "16",
      "fifo_type": "write",
      "ctype": {
        "WR_DATA": {
          "Type": "integer signed",
          "Width": "16"
        },
        "FULL_N": {"Type": "bool"},
        "WR_EN": {"Type": "bool"}
      }
    }
  },
  "RtlPorts": {
    "ap_clk": {
      "dir": "in",
      "width": "1"
    },
    "ap_rst_n": {
      "dir": "in",
      "width": "1"
    },
    "ap_done": {
      "dir": "out",
      "width": "1"
    },
    "ap_start": {
      "dir": "in",
      "width": "1"
    },
    "ap_ready": {
      "dir": "out",
      "width": "1"
    },
    "ap_idle": {
      "dir": "out",
      "width": "1"
    },
    "a_dout": {
      "dir": "in",
      "width": "16"
    },
    "a_empty_n": {
      "dir": "in",
      "width": "1"
    },
    "a_read": {
      "dir": "out",
      "width": "1"
    },
    "b_din": {
      "dir": "out",
      "width": "16"
    },
    "b_full_n": {
      "dir": "in",
      "width": "1"
    },
    "b_write": {
      "dir": "out",
      "width": "1"
    }
  },
  "CPorts": {
    "ap_ctrl": {
      "interfaceRef": "ap_ctrl",
      "dir": "out"
    },
    "a": {
      "interfaceRef": "a",
      "dir": "in"
    },
    "b": {
      "interfaceRef": "b",
      "dir": "out",
      "firstOutLatency": "2"
    }
  },
  "ModuleInfo": {
    "Hierarchy": {
      "ModuleName": "dataflow",
      "Instances": [
        {
          "ModuleName": "Loop_2_proc",
          "InstanceName": "Loop_2_proc_U0"
        },
        {
          "ModuleName": "Loop_1_proc",
          "InstanceName": "Loop_1_proc_U0"
        }
      ]
    },
    "Metrics": {
      "Loop_1_proc": {
        "Latency": {
          "LatencyBest": "33",
          "LatencyAvg": "33",
          "LatencyWorst": "33",
          "PipelineII": "33",
          "PipelineDepth": "",
          "PipelineType": "none"
        },
        "Timing": {
          "Target": "10.00",
          "Uncertainty": "2.70",
          "Estimate": "5.956"
        },
        "Loops": [{
            "Name": "Loop 1",
            "TripCount": "32",
            "Latency": "32",
            "PipelineII": "",
            "PipelineDepth": "1"
          }],
        "Area": {
          "FF": "9",
          "LUT": "72",
          "BRAM_18K": "0",
          "DSP48E": "0"
        }
      },
      "Loop_2_proc": {
        "Latency": {
          "LatencyBest": "63",
          "LatencyAvg": "63",
          "LatencyWorst": "63",
          "PipelineII": "63",
          "PipelineDepth": "",
          "PipelineType": "none"
        },
        "Timing": {
          "Target": "10.00",
          "Uncertainty": "2.70",
          "Estimate": "5.956"
        },
        "Loops": [{
            "Name": "Loop 1",
            "TripCount": "31",
            "Latency": "62",
            "PipelineII": "",
            "PipelineDepth": "2"
          }],
        "Area": {
          "FF": "14",
          "LUT": "76",
          "BRAM_18K": "0",
          "DSP48E": "0"
        }
      },
      "dataflow": {
        "Latency": {
          "LatencyBest": "97",
          "LatencyAvg": "97",
          "LatencyWorst": "97",
          "PipelineII": "64",
          "PipelineDepth": "",
          "PipelineType": "dataflow"
        },
        "Timing": {
          "Target": "10.00",
          "Uncertainty": "2.70",
          "Estimate": "5.956"
        },
        "Area": {
          "BRAM_18K": "0",
          "FF": "55",
          "LUT": "158",
          "DSP48E": "0"
        }
      }
    }
  },
  "Sdx": {
    "Target": "none",
    "ProfileOption": "0",
    "ProfileType": "none"
  },
  "GenData": {
    "DataVersion": "0.1",
    "Time": "2019-02-18 07:35:51 -0800",
    "ToolName": "vivado_hls",
    "ToolVersion": "2018.2"
  }
}
