<?xml version="1.0" encoding="UTF-8"?>
<xd:repository xmlns:xd="http://www.xilinx.com/xd" xd:vendor="xilinx.com" xd:library="ip" xd:name="axi_perf_mon" xd:version="5.0">
    <xd:component xd:vendor="xilinx.com" xd:library="ip" xd:name="axi_perf_mon" xd:version="5.0">
        <xd:busInterface xd:name="TRIG_IN" xd:busTypeRef="trigger" xd:mode="slave"/>
        <xd:busInterface xd:name="S_AXI" xd:busTypeRef="aximm" xd:mode="slave" xd:dataWidth="32" xd:clockRef="s_axi_aclk" xd:resetRef="s_axi_aresetn"/>
        <xd:busInterface xd:name="S_AXI_ACLK" xd:busTypeRef="clock" xd:mode="slave" xd:direction="in" xd:library="signal" xd:port="s_axi_aclk"/>
        <xd:busInterface xd:name="S_AXI_ARESETN" xd:busTypeRef="reset" xd:mode="slave" xd:direction="in" xd:library="signal" xd:port="s_axi_aresetn"/>
        <xd:busInterface xd:name="M_AXIS" xd:busTypeRef="axis" xd:mode="master" xd:direction="out" xd:hasTlast="false" xd:clockRef="m_axis_aclk" xd:resetRef="m_axis_aresetn"/>
        <xd:busInterface xd:name="S_AXI_OFFLD" xd:busTypeRef="aximm" xd:mode="slave" xd:clockRef="" xd:resetRef=""/>
        <xd:busInterface xd:name="SLOT_0_AXIS" xd:busTypeRef="axis" xd:mode="slave" xd:direction="in" xd:hasTlast="true" xd:clockRef="slot_0_axis_aclk" xd:resetRef="slot_0_axis_aresetn"/>
        <xd:busInterface xd:name="SLOT_1_AXIS" xd:busTypeRef="axis" xd:mode="slave" xd:direction="in" xd:hasTlast="true" xd:clockRef="slot_1_axis_aclk" xd:resetRef="slot_1_axis_aresetn"/>
        <xd:busInterface xd:name="SLOT_2_AXIS" xd:busTypeRef="axis" xd:mode="slave" xd:direction="in" xd:hasTlast="true" xd:clockRef="slot_2_axis_aclk" xd:resetRef="slot_2_axis_aresetn"/>
        <xd:busInterface xd:name="SLOT_3_AXIS" xd:busTypeRef="axis" xd:mode="slave" xd:direction="in" xd:hasTlast="true" xd:clockRef="slot_3_axis_aclk" xd:resetRef="slot_3_axis_aresetn"/>
        <xd:busInterface xd:name="SLOT_4_AXIS" xd:busTypeRef="axis" xd:mode="slave" xd:direction="in" xd:hasTlast="true" xd:clockRef="slot_4_axis_aclk" xd:resetRef="slot_4_axis_aresetn"/>
        <xd:busInterface xd:name="SLOT_5_AXIS" xd:busTypeRef="axis" xd:mode="slave" xd:direction="in" xd:hasTlast="true" xd:clockRef="slot_5_axis_aclk" xd:resetRef="slot_5_axi_aresetn"/>
        <xd:busInterface xd:name="SLOT_6_AXIS" xd:busTypeRef="axis" xd:mode="slave" xd:direction="in" xd:hasTlast="true" xd:clockRef="slot_6_axis_aclk" xd:resetRef="slot_6_axis_aresetn"/>
        <xd:busInterface xd:name="SLOT_7_AXIS" xd:busTypeRef="axis" xd:mode="slave" xd:direction="in" xd:hasTlast="true" xd:clockRef="slot_7_axis_aclk" xd:resetRef="slot_7_axis_aresetn"/>
        <xd:busInterface xd:name="SLOT_0_AXI" xd:busTypeRef="aximm" xd:mode="slave" xd:dataWidth="32" xd:clockRef="slot_0_axi_aclk" xd:resetRef="slot_0_axi_aresetn"/>
        <xd:busInterface xd:name="SLOT_0_AXI4LITE" xd:busTypeRef="aximm" xd:mode="slave" xd:clockRef="slot_0_axi_aclk" xd:resetRef="slot_0_axi_aresetn"/>
        <xd:busInterface xd:name="SLOT_1_AXI" xd:busTypeRef="aximm" xd:mode="slave" xd:dataWidth="32" xd:clockRef="slot_1_axi_aclk" xd:resetRef="slot_1_axi_aresetn"/>
        <xd:busInterface xd:name="SLOT_1_AXI4LITE" xd:busTypeRef="aximm" xd:mode="slave" xd:clockRef="slot_1_axi_aclk" xd:resetRef="slot_1_axi_aresetn"/>
        <xd:busInterface xd:name="SLOT_2_AXI" xd:busTypeRef="aximm" xd:mode="slave" xd:dataWidth="32" xd:clockRef="slot_2_axi_aclk" xd:resetRef="slot_2_axi_aresetn"/>
        <xd:busInterface xd:name="SLOT_2_AXI4LITE" xd:busTypeRef="aximm" xd:mode="slave" xd:clockRef="slot_2_axi_aclk" xd:resetRef="slot_2_axi_aresetn"/>
        <xd:busInterface xd:name="SLOT_3_AXI" xd:busTypeRef="aximm" xd:mode="slave" xd:dataWidth="32" xd:clockRef="slot_3_axi_aclk" xd:resetRef="slot_3_axi_aresetn"/>
        <xd:busInterface xd:name="SLOT_3_AXI4LITE" xd:busTypeRef="aximm" xd:mode="slave" xd:clockRef="slot_3_axi_aclk" xd:resetRef="slot_3_axi_aresetn"/>
        <xd:busInterface xd:name="SLOT_4_AXI" xd:busTypeRef="aximm" xd:mode="slave" xd:dataWidth="32" xd:clockRef="slot_4_axi_aclk" xd:resetRef="slot_4_axi_aresetn"/>
        <xd:busInterface xd:name="SLOT_4_AXI4LITE" xd:busTypeRef="aximm" xd:mode="slave" xd:clockRef="slot_4_axi_aclk" xd:resetRef="slot_4_axi_aresetn"/>
        <xd:busInterface xd:name="SLOT_5_AXI" xd:busTypeRef="aximm" xd:mode="slave" xd:dataWidth="32" xd:clockRef="slot_5_axi_aclk" xd:resetRef="slot_5_axi_aresetn"/>
        <xd:busInterface xd:name="SLOT_5_AXI4LITE" xd:busTypeRef="aximm" xd:mode="slave" xd:clockRef="slot_5_axi_aclk" xd:resetRef="slot_5_axi_aresetn"/>
        <xd:busInterface xd:name="SLOT_6_AXI" xd:busTypeRef="aximm" xd:mode="slave" xd:dataWidth="32" xd:clockRef="slot_6_axi_aclk" xd:resetRef="slot_6_axi_aresetn"/>
        <xd:busInterface xd:name="SLOT_6_AXI4LITE" xd:busTypeRef="aximm" xd:mode="slave" xd:clockRef="slot_6_axi_aclk" xd:resetRef="slot_6_axi_aresetn"/>
        <xd:busInterface xd:name="SLOT_7_AXI" xd:busTypeRef="aximm" xd:mode="slave" xd:dataWidth="32" xd:clockRef="slot_7_axi_aclk" xd:resetRef="slot_7_axi_aresetn"/>
        <xd:busInterface xd:name="SLOT_7_AXI4LITE" xd:busTypeRef="aximm" xd:mode="slave" xd:clockRef="slot_7_axi_aclk" xd:resetRef="slot_7_axi_aresetn"/>
        <xd:busInterface xd:name="M_AXIS_ACLK" xd:busTypeRef="clock" xd:mode="slave" xd:direction="in" xd:library="signal" xd:port="m_axis_aclk"/>
        <xd:busInterface xd:name="M_AXIS_ARESET" xd:busTypeRef="reset" xd:mode="slave" xd:direction="in" xd:library="signal" xd:port="m_axis_aresetn"/>
        <xd:busInterface xd:name="S_AXI_OFFLD_ACLK" xd:busTypeRef="clock" xd:mode="slave" xd:direction="in" xd:library="signal" xd:port="s_axi_offld_aclk"/>
        <xd:busInterface xd:name="S_AXI_OFFLD_ARESETN" xd:busTypeRef="reset" xd:mode="slave" xd:direction="in" xd:library="signal" xd:port="s_axi_offld_aresetn"/>
        <xd:busInterface xd:name="slot0_axi_clk" xd:busTypeRef="clock" xd:mode="slave" xd:direction="in" xd:library="signal" xd:port="slot_0_axi_aclk"/>
        <xd:busInterface xd:name="SLOT0_AXI_RST" xd:busTypeRef="reset" xd:mode="slave" xd:direction="in" xd:library="signal" xd:port="slot_0_axi_aresetn"/>
        <xd:busInterface xd:name="SLOT0_AXIS_CLK" xd:busTypeRef="clock" xd:mode="slave" xd:direction="in" xd:library="signal" xd:port="slot_0_axis_aclk"/>
        <xd:busInterface xd:name="SLOT0_AXIS_RST" xd:busTypeRef="reset" xd:mode="slave" xd:direction="in" xd:library="signal" xd:port="slot_0_axis_aresetn"/>
        <xd:busInterface xd:name="SLOT1_AXI_CLK" xd:busTypeRef="clock" xd:mode="slave" xd:direction="in" xd:library="signal" xd:port="slot_1_axi_aclk"/>
        <xd:busInterface xd:name="SLOT1_AXI_RST" xd:busTypeRef="reset" xd:mode="slave" xd:direction="in" xd:library="signal" xd:port="slot_1_axi_aresetn"/>
        <xd:busInterface xd:name="SLOT1_AXIS_CLK" xd:busTypeRef="clock" xd:mode="slave" xd:direction="in" xd:library="signal" xd:port="slot_1_axis_aclk"/>
        <xd:busInterface xd:name="SLOT1_AXIS_RST" xd:busTypeRef="reset" xd:mode="slave" xd:direction="in" xd:library="signal" xd:port="slot_1_axis_aresetn"/>
        <xd:busInterface xd:name="SLOT2_AXI_CLK" xd:busTypeRef="clock" xd:mode="slave" xd:direction="in" xd:library="signal" xd:port="slot_2_axi_aclk"/>
        <xd:busInterface xd:name="SLOT2_AXI_RST" xd:busTypeRef="reset" xd:mode="slave" xd:direction="in" xd:library="signal" xd:port="slot_2_axi_aresetn"/>
        <xd:busInterface xd:name="SLOT2_AXIS_CLK" xd:busTypeRef="clock" xd:mode="slave" xd:direction="in" xd:library="signal" xd:port="slot_2_axis_aclk"/>
        <xd:busInterface xd:name="SLOT2_AXIS_RST" xd:busTypeRef="reset" xd:mode="slave" xd:direction="in" xd:library="signal" xd:port="slot_2_axis_aresetn"/>
        <xd:busInterface xd:name="SLOT3_AXI_CLK" xd:busTypeRef="clock" xd:mode="slave" xd:direction="in" xd:library="signal" xd:port="slot_3_axi_aclk"/>
        <xd:busInterface xd:name="SLOT3_AXI_RST" xd:busTypeRef="reset" xd:mode="slave" xd:direction="in" xd:library="signal" xd:port="slot_3_axi_aresetn"/>
        <xd:busInterface xd:name="SLOT3_AXIS_CLK" xd:busTypeRef="clock" xd:mode="slave" xd:direction="in" xd:library="signal" xd:port="slot_3_axis_aclk"/>
        <xd:busInterface xd:name="SLOT3_AXIS_RST" xd:busTypeRef="reset" xd:mode="slave" xd:direction="in" xd:library="signal" xd:port="slot_3_axis_aresetn"/>
        <xd:busInterface xd:name="SLOT4_AXI_CLK" xd:busTypeRef="clock" xd:mode="slave" xd:direction="in" xd:library="signal" xd:port="slot_4_axi_aclk"/>
        <xd:busInterface xd:name="SLOT4_AXI_RST" xd:busTypeRef="reset" xd:mode="slave" xd:direction="in" xd:library="signal" xd:port="slot_4_axi_aresetn"/>
        <xd:busInterface xd:name="SLOT4_AXIS_CLK" xd:busTypeRef="clock" xd:mode="slave" xd:direction="in" xd:library="signal" xd:port="slot_4_axis_aclk"/>
        <xd:busInterface xd:name="SLOT4_AXIS_RST" xd:busTypeRef="reset" xd:mode="slave" xd:direction="in" xd:library="signal" xd:port="slot_4_axis_aresetn"/>
        <xd:busInterface xd:name="SLOT5_AXI_CLK" xd:busTypeRef="clock" xd:mode="slave" xd:direction="in" xd:library="signal" xd:port="slot_5_axi_aclk"/>
        <xd:busInterface xd:name="SLOT5_AXI_RST" xd:busTypeRef="reset" xd:mode="slave" xd:direction="in" xd:library="signal" xd:port="slot_5_axi_aresetn"/>
        <xd:busInterface xd:name="SLOT6_AXI_CLK" xd:busTypeRef="clock" xd:mode="slave" xd:direction="in" xd:library="signal" xd:port="slot_6_axi_aclk"/>
        <xd:busInterface xd:name="SLOT6_AXI_RST" xd:busTypeRef="reset" xd:mode="slave" xd:direction="in" xd:library="signal" xd:port="slot_6_axi_aresetn"/>
        <xd:busInterface xd:name="SLOT6_AXIS_CLK" xd:busTypeRef="clock" xd:mode="slave" xd:direction="in" xd:library="signal" xd:port="slot_6_axis_aclk"/>
        <xd:busInterface xd:name="SLOT6_AXIS_RST" xd:busTypeRef="reset" xd:mode="slave" xd:direction="in" xd:library="signal" xd:port="slot_6_axis_aresetn"/>
        <xd:busInterface xd:name="SLOT5_AXIS_CLK" xd:busTypeRef="clock" xd:mode="slave" xd:direction="in" xd:library="signal" xd:port="slot_5_axis_aclk"/>
        <xd:busInterface xd:name="SLOT5_AXIS_RST" xd:busTypeRef="reset" xd:mode="slave" xd:direction="in" xd:library="signal" xd:port="slot_5_axis_aresetn"/>
        <xd:busInterface xd:name="SLOT7_AXI_CLK" xd:busTypeRef="clock" xd:mode="slave" xd:direction="in" xd:library="signal" xd:port="slot_7_axi_aclk"/>
        <xd:busInterface xd:name="SLOT7_AXI_RST" xd:busTypeRef="reset" xd:mode="slave" xd:direction="in" xd:library="signal" xd:port="slot_7_axi_aresetn"/>
        <xd:busInterface xd:name="SLOT7_AXIS_CLK" xd:busTypeRef="clock" xd:mode="slave" xd:direction="in" xd:library="signal" xd:port="slot_7_axis_aclk"/>
        <xd:busInterface xd:name="SLOT7_AXIS_RST" xd:busTypeRef="reset" xd:mode="slave" xd:direction="in" xd:library="signal" xd:port="slot_7_axis_aresetn"/>
        <xd:busInterface xd:name="INTR" xd:busTypeRef="interrupt" xd:mode="master" xd:direction="out" xd:library="signal" xd:port="interrupt"/>
        <xd:busInterface xd:name="CORE_ACLK" xd:busTypeRef="clock" xd:mode="slave" xd:direction="in" xd:library="signal" xd:port="core_aclk"/>
        <xd:busInterface xd:name="CORE_ARESETN" xd:busTypeRef="reset" xd:mode="slave" xd:direction="in" xd:library="signal" xd:port="core_aresetn"/>
        <xd:busInterface xd:name="EXT_CLK_0" xd:busTypeRef="clock" xd:mode="slave" xd:direction="in" xd:library="signal" xd:port="ext_clk_0"/>
        <xd:busInterface xd:name="EXT_CLK_1" xd:busTypeRef="clock" xd:mode="slave" xd:direction="in" xd:library="signal" xd:port="ext_clk_1"/>
        <xd:busInterface xd:name="EXT_CLK_2" xd:busTypeRef="clock" xd:mode="slave" xd:direction="in" xd:library="signal" xd:port="ext_clk_2"/>
        <xd:busInterface xd:name="EXT_CLK_3" xd:busTypeRef="clock" xd:mode="slave" xd:direction="in" xd:library="signal" xd:port="ext_clk_3"/>
        <xd:busInterface xd:name="EXT_CLK_4" xd:busTypeRef="clock" xd:mode="slave" xd:direction="in" xd:library="signal" xd:port="ext_clk_4"/>
        <xd:busInterface xd:name="EXT_CLK_5" xd:busTypeRef="clock" xd:mode="slave" xd:direction="in" xd:library="signal" xd:port="ext_clk_5"/>
        <xd:busInterface xd:name="EXT_CLK_6" xd:busTypeRef="clock" xd:mode="slave" xd:direction="in" xd:library="signal" xd:port="ext_clk_6"/>
        <xd:busInterface xd:name="EXT_CLK_7" xd:busTypeRef="clock" xd:mode="slave" xd:direction="in" xd:library="signal" xd:port="ext_clk_7"/>
        <xd:busInterface xd:name="EXT_RSTN_0" xd:busTypeRef="reset" xd:mode="slave" xd:direction="in" xd:library="signal" xd:port="ext_rstn_0"/>
        <xd:busInterface xd:name="EXT_RSTN_1" xd:busTypeRef="reset" xd:mode="slave" xd:direction="in" xd:library="signal" xd:port="ext_rstn_1"/>
        <xd:busInterface xd:name="EXT_RSTN_2" xd:busTypeRef="reset" xd:mode="slave" xd:direction="in" xd:library="signal" xd:port="ext_rstn_2"/>
        <xd:busInterface xd:name="EXT_RSTN_3" xd:busTypeRef="reset" xd:mode="slave" xd:direction="in" xd:library="signal" xd:port="ext_rstn_3"/>
        <xd:busInterface xd:name="EXT_RSTN_4" xd:busTypeRef="reset" xd:mode="slave" xd:direction="in" xd:library="signal" xd:port="ext_rstn_4"/>
        <xd:busInterface xd:name="EXT_RSTN_5" xd:busTypeRef="reset" xd:mode="slave" xd:direction="in" xd:library="signal" xd:port="ext_rstn_5"/>
        <xd:busInterface xd:name="EXT_RSTN_6" xd:busTypeRef="reset" xd:mode="slave" xd:direction="in" xd:library="signal" xd:port="ext_rstn_6"/>
        <xd:busInterface xd:name="EXT_RSTN_7" xd:busTypeRef="reset" xd:mode="slave" xd:direction="in" xd:library="signal" xd:port="ext_rstn_7"/>
        <xd:port xd:name="slot_0_ext_trig" xd:direction="in"/>
        <xd:port xd:name="slot_0_ext_trig_stop" xd:direction="in"/>
        <xd:port xd:name="slot_1_ext_trig" xd:direction="in"/>
        <xd:port xd:name="slot_1_ext_trig_stop" xd:direction="in"/>
        <xd:port xd:name="slot_2_ext_trig" xd:direction="in"/>
        <xd:port xd:name="slot_2_ext_trig_stop" xd:direction="in"/>
        <xd:port xd:name="slot_3_ext_trig" xd:direction="in"/>
        <xd:port xd:name="slot_3_ext_trig_stop" xd:direction="in"/>
        <xd:port xd:name="slot_4_ext_trig" xd:direction="in"/>
        <xd:port xd:name="slot_4_ext_trig_stop" xd:direction="in"/>
        <xd:port xd:name="slot_5_ext_trig" xd:direction="in"/>
        <xd:port xd:name="slot_5_ext_trig_stop" xd:direction="in"/>
        <xd:port xd:name="slot_6_ext_trig" xd:direction="in"/>
        <xd:port xd:name="slot_6_ext_trig_stop" xd:direction="in"/>
        <xd:port xd:name="slot_7_ext_trig" xd:direction="in"/>
        <xd:port xd:name="slot_7_ext_trig_stop" xd:direction="in"/>
        <xd:port xd:name="ext_event_0_cnt_start" xd:direction="in"/>
        <xd:port xd:name="ext_event_0_cnt_stop" xd:direction="in"/>
        <xd:port xd:name="ext_event_0" xd:direction="in"/>
        <xd:port xd:name="ext_event_1_cnt_start" xd:direction="in"/>
        <xd:port xd:name="ext_event_1_cnt_stop" xd:direction="in"/>
        <xd:port xd:name="ext_event_1" xd:direction="in"/>
        <xd:port xd:name="ext_event_2_cnt_start" xd:direction="in"/>
        <xd:port xd:name="ext_event_2_cnt_stop" xd:direction="in"/>
        <xd:port xd:name="ext_event_2" xd:direction="in"/>
        <xd:port xd:name="ext_event_3_cnt_start" xd:direction="in"/>
        <xd:port xd:name="ext_event_3_cnt_stop" xd:direction="in"/>
        <xd:port xd:name="ext_event_3" xd:direction="in"/>
        <xd:port xd:name="ext_event_4_cnt_start" xd:direction="in"/>
        <xd:port xd:name="ext_event_4_cnt_stop" xd:direction="in"/>
        <xd:port xd:name="ext_event_4" xd:direction="in"/>
        <xd:port xd:name="ext_event_5_cnt_start" xd:direction="in"/>
        <xd:port xd:name="ext_event_5_cnt_stop" xd:direction="in"/>
        <xd:port xd:name="ext_event_5" xd:direction="in"/>
        <xd:port xd:name="ext_event_6_cnt_start" xd:direction="in"/>
        <xd:port xd:name="ext_event_6_cnt_stop" xd:direction="in"/>
        <xd:port xd:name="ext_event_6" xd:direction="in"/>
        <xd:port xd:name="ext_event_7_cnt_start" xd:direction="in"/>
        <xd:port xd:name="ext_event_7_cnt_stop" xd:direction="in"/>
        <xd:port xd:name="ext_event_7" xd:direction="in"/>
        <xd:port xd:name="capture_event" xd:direction="in"/>
        <xd:port xd:name="reset_event" xd:direction="in"/>
    </xd:component>
</xd:repository>
