<?xml version="1.0" encoding="UTF-8"?>
<GenRun Id="pynq_z2_auto_pc_0_synth_1" LaunchPart="xc7z020clg400-1" LaunchTime="1550926895">
  <File Type="PA-TCL" Name="pynq_z2_auto_pc_0.tcl"/>
  <File Type="RDS-PROPCONSTRS" Name="pynq_z2_auto_pc_0_drc_synth.rpt"/>
  <File Type="REPORTS-TCL" Name="pynq_z2_auto_pc_0_reports.tcl"/>
  <File Type="RDS-RDS" Name="pynq_z2_auto_pc_0.vds"/>
  <File Type="RDS-UTIL" Name="pynq_z2_auto_pc_0_utilization_synth.rpt"/>
  <File Type="RDS-UTIL-PB" Name="pynq_z2_auto_pc_0_utilization_synth.pb"/>
  <File Type="RDS-DCP" Name="pynq_z2_auto_pc_0.dcp"/>
  <File Type="VDS-TIMINGSUMMARY" Name="pynq_z2_auto_pc_0_timing_summary_synth.rpt"/>
  <File Type="VDS-TIMING-PB" Name="pynq_z2_auto_pc_0_timing_summary_synth.pb"/>
  <FileSet Name="sources" Type="BlockSrcs" RelSrcDir="$PSRCDIR/pynq_z2_auto_pc_0">
    <File Path="$PSRCDIR/sources_1/bd/pynq_z2/ip/pynq_z2_auto_pc_0/pynq_z2_auto_pc_0.xci">
      <FileInfo>
        <Attr Name="ImportPath" Val="$PPRDIR/../.local/dsa/prj/sources_1/bd/pynq_z2/ip/pynq_z2_auto_pc_0/pynq_z2_auto_pc_0.xci"/>
        <Attr Name="ImportTime" Val="0"/>
        <Attr Name="UsedIn" Val="synthesis"/>
        <Attr Name="UsedIn" Val="implementation"/>
        <Attr Name="UsedIn" Val="simulation"/>
      </FileInfo>
    </File>
    <Config>
      <Option Name="TopModule" Val="pynq_z2_auto_pc_0"/>
      <Option Name="UseBlackboxStub" Val="1"/>
    </Config>
  </FileSet>
  <FileSet Name="constrs_in" Type="BlockSrcs" RelSrcDir="$PSRCDIR/pynq_z2_auto_pc_0">
    <File Path="$PSRCDIR/sources_1/bd/pynq_z2/ip/pynq_z2_auto_pc_0/pynq_z2_auto_pc_0.xci">
      <FileInfo>
        <Attr Name="ImportPath" Val="$PPRDIR/../.local/dsa/prj/sources_1/bd/pynq_z2/ip/pynq_z2_auto_pc_0/pynq_z2_auto_pc_0.xci"/>
        <Attr Name="ImportTime" Val="0"/>
        <Attr Name="UsedIn" Val="synthesis"/>
        <Attr Name="UsedIn" Val="implementation"/>
        <Attr Name="UsedIn" Val="simulation"/>
      </FileInfo>
    </File>
    <Config>
      <Option Name="TopModule" Val="pynq_z2_auto_pc_0"/>
      <Option Name="UseBlackboxStub" Val="1"/>
    </Config>
  </FileSet>
  <Strategy Version="1" Minor="2">
    <StratHandle Name="Vivado Synthesis Defaults" Flow="Vivado Synthesis 2018">
      <Desc>Vivado Synthesis Defaults</Desc>
    </StratHandle>
    <Step Id="synth_design"/>
  </Strategy>
</GenRun>
