<stg><name>sharpen_filter</name>


<trans_list>

<trans id="104" from="1" to="2">
<condition id="64">
<or_exp><and_exp></and_exp></or_exp>
</condition>
</trans>

<trans id="132" from="2" to="3">
<condition id="93">
<or_exp><and_exp></and_exp></or_exp>
</condition>
</trans>

<trans id="133" from="3" to="4">
<condition id="94">
<or_exp><and_exp></and_exp></or_exp>
</condition>
</trans>

<trans id="137" from="4" to="8">
<condition id="95">
<or_exp><and_exp><literal name="exitcond_flatten" val="1"/>
</and_exp></or_exp>
</condition>
</trans>

<trans id="138" from="4" to="5">
<condition id="99">
<or_exp><and_exp><literal name="exitcond_flatten" val="0"/>
</and_exp></or_exp>
</condition>
</trans>

<trans id="134" from="5" to="6">
<condition id="96">
<or_exp><and_exp></and_exp></or_exp>
</condition>
</trans>

<trans id="135" from="6" to="7">
<condition id="97">
<or_exp><and_exp></and_exp></or_exp>
</condition>
</trans>

<trans id="136" from="7" to="2">
<condition id="98">
<or_exp><and_exp></and_exp></or_exp>
</condition>
</trans>
</trans_list>



<state_list>

<state id="1" st_id="1">

<operation id="9" st_id="1" stage="1" lat="1">
<core>NULL</core>
<MemPortIdVec></MemPortIdVec>
<condition id="52">
<or_exp><and_exp></and_exp></or_exp>
</condition>

<Node id="3" bw="8" op_0_bw="32">
<![CDATA[
:0  %buff_C_2_1 = alloca i8

]]></Node>
<StgValue><ssdm name="buff_C_2_1"/></StgValue>
</operation>

<operation id="10" st_id="1" stage="1" lat="1">
<core>NULL</core>
<MemPortIdVec></MemPortIdVec>
<condition id="52">
<or_exp><and_exp></and_exp></or_exp>
</condition>

<Node id="4" bw="8" op_0_bw="32">
<![CDATA[
:1  %buff_C_0_1 = alloca i8

]]></Node>
<StgValue><ssdm name="buff_C_0_1"/></StgValue>
</operation>

<operation id="11" st_id="1" stage="1" lat="1">
<core>NULL</core>
<MemPortIdVec></MemPortIdVec>
<condition id="52">
<or_exp><and_exp></and_exp></or_exp>
</condition>

<Node id="5" bw="8" op_0_bw="32">
<![CDATA[
:2  %buff_C_1_0 = alloca i8

]]></Node>
<StgValue><ssdm name="buff_C_1_0"/></StgValue>
</operation>

<operation id="12" st_id="1" stage="1" lat="1">
<core>NULL</core>
<MemPortIdVec></MemPortIdVec>
<condition id="52">
<or_exp><and_exp></and_exp></or_exp>
</condition>

<Node id="6" bw="8" op_0_bw="32">
<![CDATA[
:3  %buff_C_1_1 = alloca i8

]]></Node>
<StgValue><ssdm name="buff_C_1_1"/></StgValue>
</operation>

<operation id="13" st_id="1" stage="1" lat="1">
<core>NULL</core>
<MemPortIdVec></MemPortIdVec>
<condition id="52">
<or_exp><and_exp></and_exp></or_exp>
</condition>

<Node id="7" bw="0" op_0_bw="0" op_1_bw="8">
<![CDATA[
:4  call void (...)* @_ssdm_op_SpecBitsMap(i8* %input_r) nounwind, !map !36

]]></Node>
<StgValue><ssdm name=""/></StgValue>
</operation>

<operation id="14" st_id="1" stage="1" lat="1">
<core>NULL</core>
<MemPortIdVec></MemPortIdVec>
<condition id="52">
<or_exp><and_exp></and_exp></or_exp>
</condition>

<Node id="8" bw="0" op_0_bw="0" op_1_bw="8">
<![CDATA[
:5  call void (...)* @_ssdm_op_SpecBitsMap(i8* %output_r) nounwind, !map !42

]]></Node>
<StgValue><ssdm name=""/></StgValue>
</operation>

<operation id="15" st_id="1" stage="1" lat="1">
<core>NULL</core>
<MemPortIdVec></MemPortIdVec>
<condition id="52">
<or_exp><and_exp></and_exp></or_exp>
</condition>

<Node id="9" bw="0" op_0_bw="0" op_1_bw="0">
<![CDATA[
:6  call void (...)* @_ssdm_op_SpecTopModule([15 x i8]* @sharpen_filter_str) nounwind

]]></Node>
<StgValue><ssdm name=""/></StgValue>
</operation>

<operation id="16" st_id="1" stage="1" lat="1">
<core>RAM</core>
<MemPortIdVec></MemPortIdVec>
<condition id="52">
<or_exp><and_exp></and_exp></or_exp>
</condition>

<Node id="10" bw="8" op_0_bw="32">
<![CDATA[
:7  %buff_A_0 = alloca [1920 x i8], align 1

]]></Node>
<StgValue><ssdm name="buff_A_0"/></StgValue>
</operation>

<operation id="17" st_id="1" stage="1" lat="1">
<core>RAM</core>
<MemPortIdVec></MemPortIdVec>
<condition id="52">
<or_exp><and_exp></and_exp></or_exp>
</condition>

<Node id="11" bw="8" op_0_bw="32">
<![CDATA[
:8  %buff_A_1 = alloca [1920 x i8], align 1

]]></Node>
<StgValue><ssdm name="buff_A_1"/></StgValue>
</operation>

<operation id="18" st_id="1" stage="1" lat="1">
<core>RAM</core>
<MemPortIdVec></MemPortIdVec>
<condition id="52">
<or_exp><and_exp></and_exp></or_exp>
</condition>

<Node id="12" bw="8" op_0_bw="32">
<![CDATA[
:9  %buff_A_2 = alloca [1920 x i8], align 1

]]></Node>
<StgValue><ssdm name="buff_A_2"/></StgValue>
</operation>

<operation id="19" st_id="1" stage="1" lat="1">
<core>NULL</core>
<MemPortIdVec></MemPortIdVec>
<condition id="52">
<or_exp><and_exp></and_exp></or_exp>
</condition>

<Node id="13" bw="0" op_0_bw="0" op_1_bw="8" op_2_bw="0" op_3_bw="32" op_4_bw="32" op_5_bw="0" op_6_bw="32" op_7_bw="32" op_8_bw="0" op_9_bw="0" op_10_bw="0" op_11_bw="32" op_12_bw="32" op_13_bw="32" op_14_bw="32" op_15_bw="0" op_16_bw="0">
<![CDATA[
:10  call void (...)* @_ssdm_op_SpecInterface(i8* %input_r, [8 x i8]* @p_str, i32 0, i32 0, [1 x i8]* @p_str1, i32 0, i32 0, [1 x i8]* @p_str1, [1 x i8]* @p_str1, [1 x i8]* @p_str1, i32 0, i32 0, i32 0, i32 0, [1 x i8]* @p_str1, [1 x i8]* @p_str1)

]]></Node>
<StgValue><ssdm name=""/></StgValue>
</operation>

<operation id="20" st_id="1" stage="1" lat="1">
<core>NULL</core>
<MemPortIdVec></MemPortIdVec>
<condition id="52">
<or_exp><and_exp></and_exp></or_exp>
</condition>

<Node id="14" bw="0" op_0_bw="0" op_1_bw="8" op_2_bw="0" op_3_bw="32" op_4_bw="32" op_5_bw="0" op_6_bw="32" op_7_bw="32" op_8_bw="0" op_9_bw="0" op_10_bw="0" op_11_bw="32" op_12_bw="32" op_13_bw="32" op_14_bw="32" op_15_bw="0" op_16_bw="0">
<![CDATA[
:11  call void (...)* @_ssdm_op_SpecInterface(i8* %output_r, [8 x i8]* @p_str, i32 0, i32 0, [1 x i8]* @p_str1, i32 0, i32 0, [1 x i8]* @p_str1, [1 x i8]* @p_str1, [1 x i8]* @p_str1, i32 0, i32 0, i32 0, i32 0, [1 x i8]* @p_str1, [1 x i8]* @p_str1)

]]></Node>
<StgValue><ssdm name=""/></StgValue>
</operation>

<operation id="21" st_id="1" stage="1" lat="1">
<core>NULL</core>
<MemPortIdVec></MemPortIdVec>
<condition id="52">
<or_exp><and_exp></and_exp></or_exp>
</condition>

<Node id="15" bw="0" op_0_bw="0" op_1_bw="32" op_2_bw="32" op_3_bw="0">
<![CDATA[
:12  call void (...)* @_ssdm_op_SpecLatency(i32 1, i32 65535, [1 x i8]* @p_str1) nounwind

]]></Node>
<StgValue><ssdm name=""/></StgValue>
</operation>

<operation id="22" st_id="1" stage="1" lat="1">
<core>NULL</core>
<MemPortIdVec></MemPortIdVec>
<condition id="52">
<or_exp><and_exp></and_exp></or_exp>
</condition>

<Node id="16" bw="0" op_0_bw="0">
<![CDATA[
:13  br label %.preheader

]]></Node>
<StgValue><ssdm name=""/></StgValue>
</operation>
</state>

<state id="2" st_id="2">

<operation id="23" st_id="2" stage="1" lat="1">
<core>NULL</core>
<MemPortIdVec></MemPortIdVec>
<condition id="-1">
<or_exp><and_exp></and_exp></or_exp>
</condition>

<Node id="18" bw="21" op_0_bw="21" op_1_bw="0">
<![CDATA[
.preheader:0  %indvar_flatten = phi i21 [ 0, %0 ], [ %indvar_flatten_next, %._crit_edge4 ]

]]></Node>
<StgValue><ssdm name="indvar_flatten"/></StgValue>
</operation>

<operation id="24" st_id="2" stage="1" lat="1">
<core>NULL</core>
<MemPortIdVec></MemPortIdVec>
<condition id="-1">
<or_exp><and_exp></and_exp></or_exp>
</condition>

<Node id="19" bw="11" op_0_bw="11" op_1_bw="0">
<![CDATA[
.preheader:1  %row = phi i11 [ 0, %0 ], [ %row_mid2, %._crit_edge4 ]

]]></Node>
<StgValue><ssdm name="row"/></StgValue>
</operation>

<operation id="25" st_id="2" stage="1" lat="1">
<core>NULL</core>
<MemPortIdVec></MemPortIdVec>
<condition id="-1">
<or_exp><and_exp></and_exp></or_exp>
</condition>

<Node id="20" bw="11" op_0_bw="11" op_1_bw="0">
<![CDATA[
.preheader:2  %col_assign = phi i11 [ 0, %0 ], [ %col, %._crit_edge4 ]

]]></Node>
<StgValue><ssdm name="col_assign"/></StgValue>
</operation>

<operation id="26" st_id="2" stage="1" lat="1">
<core>Cmp</core>
<MemPortIdVec></MemPortIdVec>
<condition id="-1">
<or_exp><and_exp></and_exp></or_exp>
</condition>

<Node id="23" bw="1" op_0_bw="21" op_1_bw="21">
<![CDATA[
.preheader:5  %exitcond_flatten = icmp eq i21 %indvar_flatten, -20551

]]></Node>
<StgValue><ssdm name="exitcond_flatten"/></StgValue>
</operation>

<operation id="27" st_id="2" stage="1" lat="1">
<core>AddSub</core>
<MemPortIdVec></MemPortIdVec>
<condition id="-1">
<or_exp><and_exp></and_exp></or_exp>
</condition>

<Node id="24" bw="21" op_0_bw="21" op_1_bw="21">
<![CDATA[
.preheader:6  %indvar_flatten_next = add i21 %indvar_flatten, 1

]]></Node>
<StgValue><ssdm name="indvar_flatten_next"/></StgValue>
</operation>

<operation id="28" st_id="2" stage="1" lat="1">
<core>Cmp</core>
<MemPortIdVec></MemPortIdVec>
<condition id="9">
<or_exp><and_exp><literal name="exitcond_flatten" val="0"/>
</and_exp></or_exp>
</condition>

<Node id="28" bw="1" op_0_bw="11" op_1_bw="11">
<![CDATA[
.preheader.preheader:0  %exitcond = icmp eq i11 %col_assign, -127

]]></Node>
<StgValue><ssdm name="exitcond"/></StgValue>
</operation>

<operation id="29" st_id="2" stage="1" lat="1">
<core>Sel</core>
<MemPortIdVec></MemPortIdVec>
<condition id="9">
<or_exp><and_exp><literal name="exitcond_flatten" val="0"/>
</and_exp></or_exp>
</condition>

<Node id="29" bw="11" op_0_bw="1" op_1_bw="11" op_2_bw="11">
<![CDATA[
.preheader.preheader:1  %col_assign_mid2 = select i1 %exitcond, i11 0, i11 %col_assign

]]></Node>
<StgValue><ssdm name="col_assign_mid2"/></StgValue>
</operation>

<operation id="30" st_id="2" stage="1" lat="1">
<core>AddSub</core>
<MemPortIdVec></MemPortIdVec>
<condition id="9">
<or_exp><and_exp><literal name="exitcond_flatten" val="0"/>
</and_exp></or_exp>
</condition>

<Node id="30" bw="11" op_0_bw="11" op_1_bw="11">
<![CDATA[
.preheader.preheader:2  %row_s = add i11 %row, 1

]]></Node>
<StgValue><ssdm name="row_s"/></StgValue>
</operation>

<operation id="31" st_id="2" stage="1" lat="1">
<core>Cmp</core>
<MemPortIdVec></MemPortIdVec>
<condition id="9">
<or_exp><and_exp><literal name="exitcond_flatten" val="0"/>
</and_exp></or_exp>
</condition>

<Node id="31" bw="1" op_0_bw="11" op_1_bw="11">
<![CDATA[
.preheader.preheader:3  %tmp_mid1 = icmp ult i11 %row_s, -968

]]></Node>
<StgValue><ssdm name="tmp_mid1"/></StgValue>
</operation>

<operation id="32" st_id="2" stage="1" lat="1">
<core>Cmp</core>
<MemPortIdVec></MemPortIdVec>
<condition id="9">
<or_exp><and_exp><literal name="exitcond_flatten" val="0"/>
</and_exp></or_exp>
</condition>

<Node id="32" bw="1" op_0_bw="11" op_1_bw="11">
<![CDATA[
.preheader.preheader:4  %tmp6 = icmp ult i11 %row, -968

]]></Node>
<StgValue><ssdm name="tmp6"/></StgValue>
</operation>

<operation id="33" st_id="2" stage="1" lat="1">
<core>Sel</core>
<MemPortIdVec></MemPortIdVec>
<condition id="9">
<or_exp><and_exp><literal name="exitcond_flatten" val="0"/>
</and_exp></or_exp>
</condition>

<Node id="33" bw="1" op_0_bw="1" op_1_bw="1" op_2_bw="1">
<![CDATA[
.preheader.preheader:5  %tmp_mid2 = select i1 %exitcond, i1 %tmp_mid1, i1 %tmp6

]]></Node>
<StgValue><ssdm name="tmp_mid2"/></StgValue>
</operation>

<operation id="34" st_id="2" stage="1" lat="1">
<core>Cmp</core>
<MemPortIdVec></MemPortIdVec>
<condition id="9">
<or_exp><and_exp><literal name="exitcond_flatten" val="0"/>
</and_exp></or_exp>
</condition>

<Node id="34" bw="1" op_0_bw="11" op_1_bw="11">
<![CDATA[
.preheader.preheader:6  %tmp_9_mid1 = icmp ne i11 %row_s, 0

]]></Node>
<StgValue><ssdm name="tmp_9_mid1"/></StgValue>
</operation>

<operation id="35" st_id="2" stage="1" lat="1">
<core>Cmp</core>
<MemPortIdVec></MemPortIdVec>
<condition id="9">
<or_exp><and_exp><literal name="exitcond_flatten" val="0"/>
</and_exp></or_exp>
</condition>

<Node id="35" bw="1" op_0_bw="11" op_1_bw="11">
<![CDATA[
.preheader.preheader:7  %tmp_1 = icmp ne i11 %row, 0

]]></Node>
<StgValue><ssdm name="tmp_1"/></StgValue>
</operation>

<operation id="36" st_id="2" stage="1" lat="1">
<core>Sel</core>
<MemPortIdVec></MemPortIdVec>
<condition id="9">
<or_exp><and_exp><literal name="exitcond_flatten" val="0"/>
</and_exp></or_exp>
</condition>

<Node id="36" bw="1" op_0_bw="1" op_1_bw="1" op_2_bw="1">
<![CDATA[
.preheader.preheader:8  %tmp_9_mid2 = select i1 %exitcond, i1 %tmp_9_mid1, i1 %tmp_1

]]></Node>
<StgValue><ssdm name="tmp_9_mid2"/></StgValue>
</operation>

<operation id="37" st_id="2" stage="1" lat="1">
<core>Sel</core>
<MemPortIdVec></MemPortIdVec>
<condition id="9">
<or_exp><and_exp><literal name="exitcond_flatten" val="0"/>
</and_exp></or_exp>
</condition>

<Node id="37" bw="11" op_0_bw="1" op_1_bw="11" op_2_bw="11">
<![CDATA[
.preheader.preheader:9  %row_mid2 = select i1 %exitcond, i11 %row_s, i11 %row

]]></Node>
<StgValue><ssdm name="row_mid2"/></StgValue>
</operation>

<operation id="38" st_id="2" stage="1" lat="1">
<core>NULL</core>
<MemPortIdVec></MemPortIdVec>
<condition id="9">
<or_exp><and_exp><literal name="exitcond_flatten" val="0"/>
</and_exp></or_exp>
</condition>

<Node id="38" bw="32" op_0_bw="11">
<![CDATA[
.preheader.preheader:10  %col_assign_cast2 = zext i11 %col_assign_mid2 to i32

]]></Node>
<StgValue><ssdm name="col_assign_cast2"/></StgValue>
</operation>

<operation id="39" st_id="2" stage="1" lat="1">
<core>Cmp</core>
<MemPortIdVec></MemPortIdVec>
<condition id="9">
<or_exp><and_exp><literal name="exitcond_flatten" val="0"/>
</and_exp></or_exp>
</condition>

<Node id="41" bw="1" op_0_bw="11" op_1_bw="11">
<![CDATA[
.preheader.preheader:13  %tmp_s = icmp ult i11 %col_assign_mid2, -128

]]></Node>
<StgValue><ssdm name="tmp_s"/></StgValue>
</operation>

<operation id="40" st_id="2" stage="1" lat="1">
<core>NULL</core>
<MemPortIdVec></MemPortIdVec>
<condition id="53">
<or_exp><and_exp><literal name="exitcond_flatten" val="0"/>
<literal name="tmp_s" val="1"/>
</and_exp></or_exp>
</condition>

<Node id="44" bw="11" op_0_bw="8" op_1_bw="32" op_2_bw="32">
<![CDATA[
.preheader9.0:0  %buff_A_1_addr = getelementptr [1920 x i8]* %buff_A_1, i32 0, i32 %col_assign_cast2

]]></Node>
<StgValue><ssdm name="buff_A_1_addr"/></StgValue>
</operation>

<operation id="41" st_id="2" stage="2" lat="2">
<core>RAM</core>
<MemPortIdVec></MemPortIdVec>
<condition id="53">
<or_exp><and_exp><literal name="exitcond_flatten" val="0"/>
<literal name="tmp_s" val="1"/>
</and_exp></or_exp>
</condition>

<Node id="45" bw="8" op_0_bw="11">
<![CDATA[
.preheader9.0:1  %buff_A_1_load = load i8* %buff_A_1_addr, align 1

]]></Node>
<StgValue><ssdm name="buff_A_1_load"/></StgValue>
</operation>

<operation id="42" st_id="2" stage="1" lat="1">
<core>NULL</core>
<MemPortIdVec></MemPortIdVec>
<condition id="53">
<or_exp><and_exp><literal name="exitcond_flatten" val="0"/>
<literal name="tmp_s" val="1"/>
</and_exp></or_exp>
</condition>

<Node id="48" bw="11" op_0_bw="8" op_1_bw="32" op_2_bw="32">
<![CDATA[
.preheader9.0:4  %buff_A_0_addr = getelementptr [1920 x i8]* %buff_A_0, i32 0, i32 %col_assign_cast2

]]></Node>
<StgValue><ssdm name="buff_A_0_addr"/></StgValue>
</operation>

<operation id="43" st_id="2" stage="2" lat="2">
<core>RAM</core>
<MemPortIdVec></MemPortIdVec>
<condition id="53">
<or_exp><and_exp><literal name="exitcond_flatten" val="0"/>
<literal name="tmp_s" val="1"/>
</and_exp></or_exp>
</condition>

<Node id="49" bw="8" op_0_bw="11">
<![CDATA[
.preheader9.0:5  %return_value = load i8* %buff_A_0_addr, align 1

]]></Node>
<StgValue><ssdm name="return_value"/></StgValue>
</operation>

<operation id="44" st_id="2" stage="1" lat="1">
<core>LogicGate</core>
<MemPortIdVec></MemPortIdVec>
<condition id="54">
<or_exp><and_exp><literal name="exitcond_flatten" val="0"/>
</and_exp></or_exp>
</condition>

<Node id="54" bw="1" op_0_bw="1" op_1_bw="1">
<![CDATA[
._crit_edge:1  %tmp_2 = and i1 %tmp_s, %tmp_mid2

]]></Node>
<StgValue><ssdm name="tmp_2"/></StgValue>
</operation>

<operation id="45" st_id="2" stage="1" lat="1">
<core>NULL</core>
<MemPortIdVec></MemPortIdVec>
<condition id="54">
<or_exp><and_exp><literal name="exitcond_flatten" val="0"/>
</and_exp></or_exp>
</condition>

<Node id="55" bw="0" op_0_bw="1" op_1_bw="0" op_2_bw="0">
<![CDATA[
._crit_edge:2  br i1 %tmp_2, label %1, label %._crit_edge2_ifconv

]]></Node>
<StgValue><ssdm name=""/></StgValue>
</operation>

<operation id="46" st_id="2" stage="1" lat="1">
<core>Cmp</core>
<MemPortIdVec></MemPortIdVec>
<condition id="41">
<or_exp><and_exp><literal name="exitcond_flatten" val="0"/>
</and_exp></or_exp>
</condition>

<Node id="89" bw="1" op_0_bw="11" op_1_bw="11">
<![CDATA[
._crit_edge2_ifconv:27  %tmp_3 = icmp ne i11 %col_assign_mid2, 0

]]></Node>
<StgValue><ssdm name="tmp_3"/></StgValue>
</operation>

<operation id="47" st_id="2" stage="1" lat="1">
<core>LogicGate</core>
<MemPortIdVec></MemPortIdVec>
<condition id="41">
<or_exp><and_exp><literal name="exitcond_flatten" val="0"/>
</and_exp></or_exp>
</condition>

<Node id="90" bw="1" op_0_bw="1" op_1_bw="1">
<![CDATA[
._crit_edge2_ifconv:28  %or_cond = and i1 %tmp_9_mid2, %tmp_3

]]></Node>
<StgValue><ssdm name="or_cond"/></StgValue>
</operation>

<operation id="48" st_id="2" stage="1" lat="1">
<core>NULL</core>
<MemPortIdVec></MemPortIdVec>
<condition id="41">
<or_exp><and_exp><literal name="exitcond_flatten" val="0"/>
</and_exp></or_exp>
</condition>

<Node id="94" bw="0" op_0_bw="1" op_1_bw="0" op_2_bw="0">
<![CDATA[
._crit_edge2_ifconv:32  br i1 %or_cond, label %2, label %._crit_edge4

]]></Node>
<StgValue><ssdm name=""/></StgValue>
</operation>

<operation id="49" st_id="2" stage="1" lat="1">
<core>AddSub</core>
<MemPortIdVec></MemPortIdVec>
<condition id="55">
<or_exp><and_exp><literal name="exitcond_flatten" val="0"/>
</and_exp></or_exp>
</condition>

<Node id="100" bw="11" op_0_bw="11" op_1_bw="11">
<![CDATA[
._crit_edge4:1  %col = add i11 %col_assign_mid2, 1

]]></Node>
<StgValue><ssdm name="col"/></StgValue>
</operation>
</state>

<state id="3" st_id="3">

<operation id="50" st_id="3" stage="1" lat="1">
<core>NULL</core>
<MemPortIdVec></MemPortIdVec>
<condition id="-1">
<or_exp><and_exp></and_exp></or_exp>
</condition>

<Node id="26" bw="0" op_0_bw="1" op_1_bw="0" op_2_bw="0">
<![CDATA[
.preheader:8  br i1 %exitcond_flatten, label %3, label %.preheader.preheader

]]></Node>
<StgValue><ssdm name=""/></StgValue>
</operation>

<operation id="51" st_id="3" stage="1" lat="1">
<core>NULL</core>
<MemPortIdVec></MemPortIdVec>
<condition id="9">
<or_exp><and_exp><literal name="exitcond_flatten" val="0"/>
</and_exp></or_exp>
</condition>

<Node id="42" bw="0" op_0_bw="1" op_1_bw="0" op_2_bw="0">
<![CDATA[
.preheader.preheader:14  br i1 %tmp_s, label %.preheader9.0, label %._crit_edge

]]></Node>
<StgValue><ssdm name=""/></StgValue>
</operation>

<operation id="52" st_id="3" stage="1" lat="2">
<core>RAM</core>
<MemPortIdVec></MemPortIdVec>
<condition id="53">
<or_exp><and_exp><literal name="exitcond_flatten" val="0"/>
<literal name="tmp_s" val="1"/>
</and_exp></or_exp>
</condition>

<Node id="45" bw="8" op_0_bw="11">
<![CDATA[
.preheader9.0:1  %buff_A_1_load = load i8* %buff_A_1_addr, align 1

]]></Node>
<StgValue><ssdm name="buff_A_1_load"/></StgValue>
</operation>

<operation id="53" st_id="3" stage="1" lat="1">
<core>NULL</core>
<MemPortIdVec></MemPortIdVec>
<condition id="53">
<or_exp><and_exp><literal name="exitcond_flatten" val="0"/>
<literal name="tmp_s" val="1"/>
</and_exp></or_exp>
</condition>

<Node id="46" bw="11" op_0_bw="8" op_1_bw="32" op_2_bw="32">
<![CDATA[
.preheader9.0:2  %buff_A_2_addr = getelementptr [1920 x i8]* %buff_A_2, i32 0, i32 %col_assign_cast2

]]></Node>
<StgValue><ssdm name="buff_A_2_addr"/></StgValue>
</operation>

<operation id="54" st_id="3" stage="1" lat="1">
<core>RAM</core>
<MemPortIdVec></MemPortIdVec>
<condition id="53">
<or_exp><and_exp><literal name="exitcond_flatten" val="0"/>
<literal name="tmp_s" val="1"/>
</and_exp></or_exp>
</condition>

<Node id="47" bw="0" op_0_bw="8" op_1_bw="11">
<![CDATA[
.preheader9.0:3  store i8 %buff_A_1_load, i8* %buff_A_2_addr, align 1

]]></Node>
<StgValue><ssdm name=""/></StgValue>
</operation>

<operation id="55" st_id="3" stage="1" lat="2">
<core>RAM</core>
<MemPortIdVec></MemPortIdVec>
<condition id="53">
<or_exp><and_exp><literal name="exitcond_flatten" val="0"/>
<literal name="tmp_s" val="1"/>
</and_exp></or_exp>
</condition>

<Node id="49" bw="8" op_0_bw="11">
<![CDATA[
.preheader9.0:5  %return_value = load i8* %buff_A_0_addr, align 1

]]></Node>
<StgValue><ssdm name="return_value"/></StgValue>
</operation>

<operation id="56" st_id="3" stage="1" lat="1">
<core>RAM</core>
<MemPortIdVec></MemPortIdVec>
<condition id="53">
<or_exp><and_exp><literal name="exitcond_flatten" val="0"/>
<literal name="tmp_s" val="1"/>
</and_exp></or_exp>
</condition>

<Node id="50" bw="0" op_0_bw="8" op_1_bw="11">
<![CDATA[
.preheader9.0:6  store i8 %return_value, i8* %buff_A_1_addr, align 1

]]></Node>
<StgValue><ssdm name=""/></StgValue>
</operation>

<operation id="57" st_id="3" stage="1" lat="1">
<core>NULL</core>
<MemPortIdVec></MemPortIdVec>
<condition id="53">
<or_exp><and_exp><literal name="exitcond_flatten" val="0"/>
<literal name="tmp_s" val="1"/>
</and_exp></or_exp>
</condition>

<Node id="51" bw="0" op_0_bw="0">
<![CDATA[
.preheader9.0:7  br label %._crit_edge

]]></Node>
<StgValue><ssdm name=""/></StgValue>
</operation>
</state>

<state id="4" st_id="4">

<operation id="58" st_id="4" stage="1" lat="1">
<core>NULL</core>
<MemPortIdVec></MemPortIdVec>
<condition id="-1">
<or_exp><and_exp></and_exp></or_exp>
</condition>

<Node id="21" bw="8" op_0_bw="8">
<![CDATA[
.preheader:3  %buff_C_1_0_load = load i8* %buff_C_1_0

]]></Node>
<StgValue><ssdm name="buff_C_1_0_load"/></StgValue>
</operation>

<operation id="59" st_id="4" stage="1" lat="1">
<core>NULL</core>
<MemPortIdVec></MemPortIdVec>
<condition id="-1">
<or_exp><and_exp></and_exp></or_exp>
</condition>

<Node id="22" bw="8" op_0_bw="8">
<![CDATA[
.preheader:4  %buff_C_1_1_load_1 = load i8* %buff_C_1_1

]]></Node>
<StgValue><ssdm name="buff_C_1_1_load_1"/></StgValue>
</operation>

<operation id="60" st_id="4" stage="1" lat="1">
<core>NULL</core>
<MemPortIdVec></MemPortIdVec>
<condition id="-1">
<or_exp><and_exp></and_exp></or_exp>
</condition>

<Node id="25" bw="0" op_0_bw="8" op_1_bw="8">
<![CDATA[
.preheader:7  store i8 %buff_C_1_1_load_1, i8* %buff_C_1_0

]]></Node>
<StgValue><ssdm name=""/></StgValue>
</operation>

<operation id="61" st_id="4" stage="1" lat="1">
<core>NULL</core>
<MemPortIdVec></MemPortIdVec>
<condition id="100">
<or_exp><and_exp><literal name="exitcond_flatten" val="0"/>
<literal name="tmp_s" val="1"/>
</and_exp></or_exp>
</condition>

<Node id="53" bw="8" op_0_bw="8" op_1_bw="0">
<![CDATA[
._crit_edge:0  %buff_C_1_2_1 = phi i8 [ %return_value, %.preheader9.0 ], [ 0, %.preheader.preheader ]

]]></Node>
<StgValue><ssdm name="buff_C_1_2_1"/></StgValue>
</operation>

<operation id="62" st_id="4" stage="1" lat="1">
<core>FIFO</core>
<MemPortIdVec></MemPortIdVec>
<condition id="39">
<or_exp><and_exp><literal name="exitcond_flatten" val="0"/>
<literal name="tmp_2" val="1"/>
</and_exp></or_exp>
</condition>

<Node id="57" bw="8" op_0_bw="8" op_1_bw="8">
<![CDATA[
:0  %y = call i8 @_ssdm_op_Read.ap_fifo.volatile.i8P(i8* %input_r) nounwind

]]></Node>
<StgValue><ssdm name="y"/></StgValue>
</operation>

<operation id="63" st_id="4" stage="1" lat="1">
<core>NULL</core>
<MemPortIdVec></MemPortIdVec>
<condition id="39">
<or_exp><and_exp><literal name="exitcond_flatten" val="0"/>
<literal name="tmp_2" val="1"/>
</and_exp></or_exp>
</condition>

<Node id="58" bw="11" op_0_bw="8" op_1_bw="32" op_2_bw="32">
<![CDATA[
:1  %buff_A_0_addr_1 = getelementptr [1920 x i8]* %buff_A_0, i32 0, i32 %col_assign_cast2

]]></Node>
<StgValue><ssdm name="buff_A_0_addr_1"/></StgValue>
</operation>

<operation id="64" st_id="4" stage="1" lat="1">
<core>RAM</core>
<MemPortIdVec></MemPortIdVec>
<condition id="39">
<or_exp><and_exp><literal name="exitcond_flatten" val="0"/>
<literal name="tmp_2" val="1"/>
</and_exp></or_exp>
</condition>

<Node id="59" bw="0" op_0_bw="8" op_1_bw="11">
<![CDATA[
:2  store i8 %y, i8* %buff_A_0_addr_1, align 1

]]></Node>
<StgValue><ssdm name=""/></StgValue>
</operation>

<operation id="65" st_id="4" stage="1" lat="1">
<core>NULL</core>
<MemPortIdVec></MemPortIdVec>
<condition id="39">
<or_exp><and_exp><literal name="exitcond_flatten" val="0"/>
<literal name="tmp_2" val="1"/>
</and_exp></or_exp>
</condition>

<Node id="60" bw="0" op_0_bw="0">
<![CDATA[
:3  br label %._crit_edge2_ifconv

]]></Node>
<StgValue><ssdm name=""/></StgValue>
</operation>

<operation id="66" st_id="4" stage="1" lat="1">
<core>NULL</core>
<MemPortIdVec></MemPortIdVec>
<condition id="41">
<or_exp><and_exp><literal name="exitcond_flatten" val="0"/>
</and_exp></or_exp>
</condition>

<Node id="65" bw="8" op_0_bw="8">
<![CDATA[
._crit_edge2_ifconv:3  %buff_C_1_1_load = load i8* %buff_C_1_1

]]></Node>
<StgValue><ssdm name="buff_C_1_1_load"/></StgValue>
</operation>

<operation id="67" st_id="4" stage="1" lat="1">
<core>NULL</core>
<MemPortIdVec></MemPortIdVec>
<condition id="103">
<or_exp><and_exp><literal name="exitcond_flatten" val="0"/>
<literal name="tmp_s" val="1"/>
</and_exp></or_exp>
</condition>

<Node id="66" bw="11" op_0_bw="8" op_1_bw="32" op_2_bw="32">
<![CDATA[
._crit_edge2_ifconv:4  %buff_A_2_addr_1 = getelementptr [1920 x i8]* %buff_A_2, i32 0, i32 %col_assign_cast2

]]></Node>
<StgValue><ssdm name="buff_A_2_addr_1"/></StgValue>
</operation>

<operation id="68" st_id="4" stage="2" lat="2">
<core>RAM</core>
<MemPortIdVec></MemPortIdVec>
<condition id="101">
<or_exp><and_exp><literal name="exitcond_flatten" val="0"/>
<literal name="tmp_s" val="1"/>
</and_exp></or_exp>
</condition>

<Node id="67" bw="8" op_0_bw="11">
<![CDATA[
._crit_edge2_ifconv:5  %return_value_1 = load i8* %buff_A_2_addr_1, align 1

]]></Node>
<StgValue><ssdm name="return_value_1"/></StgValue>
</operation>

<operation id="69" st_id="4" stage="1" lat="1">
<core>Sel</core>
<MemPortIdVec></MemPortIdVec>
<condition id="41">
<or_exp><and_exp><literal name="exitcond_flatten" val="0"/>
</and_exp></or_exp>
</condition>

<Node id="68" bw="8" op_0_bw="1" op_1_bw="8" op_2_bw="8">
<![CDATA[
._crit_edge2_ifconv:6  %buff_C_1_2 = select i1 %tmp_s, i8 %buff_C_1_2_1, i8 %buff_C_1_1_load

]]></Node>
<StgValue><ssdm name="buff_C_1_2"/></StgValue>
</operation>

<operation id="70" st_id="4" stage="1" lat="1">
<core>NULL</core>
<MemPortIdVec></MemPortIdVec>
<condition id="41">
<or_exp><and_exp><literal name="exitcond_flatten" val="0"/>
</and_exp></or_exp>
</condition>

<Node id="91" bw="0" op_0_bw="8" op_1_bw="8">
<![CDATA[
._crit_edge2_ifconv:29  store i8 %buff_C_1_2, i8* %buff_C_1_1

]]></Node>
<StgValue><ssdm name=""/></StgValue>
</operation>
</state>

<state id="5" st_id="5">

<operation id="71" st_id="5" stage="1" lat="1">
<core>NULL</core>
<MemPortIdVec></MemPortIdVec>
<condition id="104">
<or_exp><and_exp><literal name="tmp_s" val="1"/>
</and_exp></or_exp>
</condition>

<Node id="62" bw="8" op_0_bw="8" op_1_bw="0">
<![CDATA[
._crit_edge2_ifconv:0  %buff_C_2_2 = phi i8 [ %y, %1 ], [ 0, %._crit_edge ]

]]></Node>
<StgValue><ssdm name="buff_C_2_2"/></StgValue>
</operation>

<operation id="72" st_id="5" stage="1" lat="1">
<core>NULL</core>
<MemPortIdVec></MemPortIdVec>
<condition id="56">
<or_exp><and_exp></and_exp></or_exp>
</condition>

<Node id="63" bw="8" op_0_bw="8">
<![CDATA[
._crit_edge2_ifconv:1  %buff_C_2_1_load = load i8* %buff_C_2_1

]]></Node>
<StgValue><ssdm name="buff_C_2_1_load"/></StgValue>
</operation>

<operation id="73" st_id="5" stage="1" lat="1">
<core>NULL</core>
<MemPortIdVec></MemPortIdVec>
<condition id="56">
<or_exp><and_exp></and_exp></or_exp>
</condition>

<Node id="64" bw="8" op_0_bw="8">
<![CDATA[
._crit_edge2_ifconv:2  %buff_C_0_1_load = load i8* %buff_C_0_1

]]></Node>
<StgValue><ssdm name="buff_C_0_1_load"/></StgValue>
</operation>

<operation id="74" st_id="5" stage="1" lat="2">
<core>RAM</core>
<MemPortIdVec></MemPortIdVec>
<condition id="102">
<or_exp><and_exp><literal name="tmp_s" val="1"/>
</and_exp></or_exp>
</condition>

<Node id="67" bw="8" op_0_bw="11">
<![CDATA[
._crit_edge2_ifconv:5  %return_value_1 = load i8* %buff_A_2_addr_1, align 1

]]></Node>
<StgValue><ssdm name="return_value_1"/></StgValue>
</operation>

<operation id="75" st_id="5" stage="1" lat="1">
<core>Sel</core>
<MemPortIdVec></MemPortIdVec>
<condition id="56">
<or_exp><and_exp></and_exp></or_exp>
</condition>

<Node id="69" bw="8" op_0_bw="1" op_1_bw="8" op_2_bw="8">
<![CDATA[
._crit_edge2_ifconv:7  %buff_C_0_2_1 = select i1 %tmp_s, i8 %return_value_1, i8 %buff_C_0_1_load

]]></Node>
<StgValue><ssdm name="buff_C_0_2_1"/></StgValue>
</operation>

<operation id="76" st_id="5" stage="1" lat="1">
<core>Sel</core>
<MemPortIdVec></MemPortIdVec>
<condition id="56">
<or_exp><and_exp></and_exp></or_exp>
</condition>

<Node id="70" bw="8" op_0_bw="1" op_1_bw="8" op_2_bw="8">
<![CDATA[
._crit_edge2_ifconv:8  %buff_C_2_2_1 = select i1 %tmp_s, i8 %buff_C_2_2, i8 %buff_C_2_1_load

]]></Node>
<StgValue><ssdm name="buff_C_2_2_1"/></StgValue>
</operation>

<operation id="77" st_id="5" stage="1" lat="1">
<core>NULL</core>
<MemPortIdVec></MemPortIdVec>
<condition id="56">
<or_exp><and_exp></and_exp></or_exp>
</condition>

<Node id="71" bw="9" op_0_bw="8">
<![CDATA[
._crit_edge2_ifconv:9  %tmp_4_0_1_i_cast = zext i8 %buff_C_0_1_load to i9

]]></Node>
<StgValue><ssdm name="tmp_4_0_1_i_cast"/></StgValue>
</operation>

<operation id="78" st_id="5" stage="1" lat="1">
<core>NULL</core>
<MemPortIdVec></MemPortIdVec>
<condition id="56">
<or_exp><and_exp></and_exp></or_exp>
</condition>

<Node id="72" bw="9" op_0_bw="8">
<![CDATA[
._crit_edge2_ifconv:10  %tmp_4_1_i_cast = zext i8 %buff_C_1_0_load to i9

]]></Node>
<StgValue><ssdm name="tmp_4_1_i_cast"/></StgValue>
</operation>

<operation id="79" st_id="5" stage="1" lat="1">
<core>AddSub</core>
<MemPortIdVec></MemPortIdVec>
<condition id="56">
<or_exp><and_exp></and_exp></or_exp>
</condition>

<Node id="73" bw="9" op_0_bw="9" op_1_bw="9">
<![CDATA[
._crit_edge2_ifconv:11  %sum_i = add i9 %tmp_4_0_1_i_cast, %tmp_4_1_i_cast

]]></Node>
<StgValue><ssdm name="sum_i"/></StgValue>
</operation>

<operation id="80" st_id="5" stage="1" lat="1">
<core>NULL</core>
<MemPortIdVec></MemPortIdVec>
<condition id="56">
<or_exp><and_exp></and_exp></or_exp>
</condition>

<Node id="74" bw="12" op_0_bw="9">
<![CDATA[
._crit_edge2_ifconv:12  %sum_i_cast = zext i9 %sum_i to i12

]]></Node>
<StgValue><ssdm name="sum_i_cast"/></StgValue>
</operation>

<operation id="81" st_id="5" stage="1" lat="1">
<core>NULL</core>
<MemPortIdVec></MemPortIdVec>
<condition id="56">
<or_exp><and_exp></and_exp></or_exp>
</condition>

<Node id="75" bw="11" op_0_bw="8">
<![CDATA[
._crit_edge2_ifconv:13  %tmp_4_1_1_i_cast1 = zext i8 %buff_C_1_1_load to i11

]]></Node>
<StgValue><ssdm name="tmp_4_1_1_i_cast1"/></StgValue>
</operation>

<operation id="82" st_id="5" stage="1" lat="1">
<core>NULL</core>
<MemPortIdVec></MemPortIdVec>
<condition id="56">
<or_exp><and_exp></and_exp></or_exp>
</condition>

<Node id="76" bw="10" op_0_bw="10" op_1_bw="8" op_2_bw="2">
<![CDATA[
._crit_edge2_ifconv:14  %p_shl_i = call i10 @_ssdm_op_BitConcatenate.i10.i8.i2(i8 %buff_C_1_1_load, i2 0)

]]></Node>
<StgValue><ssdm name="p_shl_i"/></StgValue>
</operation>

<operation id="83" st_id="5" stage="1" lat="1">
<core>NULL</core>
<MemPortIdVec></MemPortIdVec>
<condition id="56">
<or_exp><and_exp></and_exp></or_exp>
</condition>

<Node id="77" bw="11" op_0_bw="10">
<![CDATA[
._crit_edge2_ifconv:15  %p_shl_i_cast = zext i10 %p_shl_i to i11

]]></Node>
<StgValue><ssdm name="p_shl_i_cast"/></StgValue>
</operation>

<operation id="84" st_id="5" stage="1" lat="1">
<core>AddSub</core>
<MemPortIdVec></MemPortIdVec>
<condition id="56">
<or_exp><and_exp></and_exp></or_exp>
</condition>

<Node id="78" bw="11" op_0_bw="11" op_1_bw="11">
<![CDATA[
._crit_edge2_ifconv:16  %tmp_5_1_1_i = add i11 %p_shl_i_cast, %tmp_4_1_1_i_cast1

]]></Node>
<StgValue><ssdm name="tmp_5_1_1_i"/></StgValue>
</operation>

<operation id="85" st_id="5" stage="1" lat="1">
<core>NULL</core>
<MemPortIdVec></MemPortIdVec>
<condition id="56">
<or_exp><and_exp></and_exp></or_exp>
</condition>

<Node id="79" bw="12" op_0_bw="11">
<![CDATA[
._crit_edge2_ifconv:17  %tmp_5_1_1_i_cast = zext i11 %tmp_5_1_1_i to i12

]]></Node>
<StgValue><ssdm name="tmp_5_1_1_i_cast"/></StgValue>
</operation>

<operation id="86" st_id="5" stage="1" lat="1">
<core>AddSub</core>
<MemPortIdVec></MemPortIdVec>
<condition id="56">
<or_exp><and_exp></and_exp></or_exp>
</condition>

<Node id="80" bw="12" op_0_bw="12" op_1_bw="12">
<![CDATA[
._crit_edge2_ifconv:18  %x_weight_2_1_1_i = sub i12 %tmp_5_1_1_i_cast, %sum_i_cast

]]></Node>
<StgValue><ssdm name="x_weight_2_1_1_i"/></StgValue>
</operation>

<operation id="87" st_id="5" stage="1" lat="1">
<core>NULL</core>
<MemPortIdVec></MemPortIdVec>
<condition id="56">
<or_exp><and_exp></and_exp></or_exp>
</condition>

<Node id="92" bw="0" op_0_bw="8" op_1_bw="8">
<![CDATA[
._crit_edge2_ifconv:30  store i8 %buff_C_0_2_1, i8* %buff_C_0_1

]]></Node>
<StgValue><ssdm name=""/></StgValue>
</operation>

<operation id="88" st_id="5" stage="1" lat="1">
<core>NULL</core>
<MemPortIdVec></MemPortIdVec>
<condition id="56">
<or_exp><and_exp></and_exp></or_exp>
</condition>

<Node id="93" bw="0" op_0_bw="8" op_1_bw="8">
<![CDATA[
._crit_edge2_ifconv:31  store i8 %buff_C_2_2_1, i8* %buff_C_2_1

]]></Node>
<StgValue><ssdm name=""/></StgValue>
</operation>
</state>

<state id="6" st_id="6">

<operation id="89" st_id="6" stage="1" lat="1">
<core>NULL</core>
<MemPortIdVec></MemPortIdVec>
<condition id="56">
<or_exp><and_exp></and_exp></or_exp>
</condition>

<Node id="81" bw="12" op_0_bw="8">
<![CDATA[
._crit_edge2_ifconv:19  %tmp_4_1_2_i_cast = zext i8 %buff_C_1_2 to i12

]]></Node>
<StgValue><ssdm name="tmp_4_1_2_i_cast"/></StgValue>
</operation>

<operation id="90" st_id="6" stage="1" lat="1">
<core>TAddSub</core>
<MemPortIdVec></MemPortIdVec>
<condition id="56">
<or_exp><and_exp></and_exp></or_exp>
</condition>

<Node id="82" bw="12" op_0_bw="12" op_1_bw="12">
<![CDATA[
._crit_edge2_ifconv:20  %x_weight_2_1_2_i = sub i12 %x_weight_2_1_1_i, %tmp_4_1_2_i_cast

]]></Node>
<StgValue><ssdm name="x_weight_2_1_2_i"/></StgValue>
</operation>

<operation id="91" st_id="6" stage="1" lat="1">
<core>NULL</core>
<MemPortIdVec></MemPortIdVec>
<condition id="56">
<or_exp><and_exp></and_exp></or_exp>
</condition>

<Node id="83" bw="12" op_0_bw="8">
<![CDATA[
._crit_edge2_ifconv:21  %tmp_4_2_1_i_cast = zext i8 %buff_C_2_1_load to i12

]]></Node>
<StgValue><ssdm name="tmp_4_2_1_i_cast"/></StgValue>
</operation>

<operation id="92" st_id="6" stage="1" lat="1">
<core>TAddSub</core>
<MemPortIdVec></MemPortIdVec>
<condition id="56">
<or_exp><and_exp></and_exp></or_exp>
</condition>

<Node id="84" bw="12" op_0_bw="12" op_1_bw="12">
<![CDATA[
._crit_edge2_ifconv:22  %x_weight_2_2_1_i = sub i12 %x_weight_2_1_2_i, %tmp_4_2_1_i_cast

]]></Node>
<StgValue><ssdm name="x_weight_2_2_1_i"/></StgValue>
</operation>

<operation id="93" st_id="6" stage="1" lat="1">
<core>Cmp</core>
<MemPortIdVec></MemPortIdVec>
<condition id="56">
<or_exp><and_exp></and_exp></or_exp>
</condition>

<Node id="85" bw="1" op_0_bw="12" op_1_bw="12">
<![CDATA[
._crit_edge2_ifconv:23  %tmp_i = icmp sgt i12 %x_weight_2_2_1_i, 0

]]></Node>
<StgValue><ssdm name="tmp_i"/></StgValue>
</operation>

<operation id="94" st_id="6" stage="1" lat="1">
<core>NULL</core>
<MemPortIdVec></MemPortIdVec>
<condition id="56">
<or_exp><and_exp></and_exp></or_exp>
</condition>

<Node id="86" bw="8" op_0_bw="12">
<![CDATA[
._crit_edge2_ifconv:24  %tmp = trunc i12 %x_weight_2_2_1_i to i8

]]></Node>
<StgValue><ssdm name="tmp"/></StgValue>
</operation>

<operation id="95" st_id="6" stage="1" lat="1">
<core>AddSub</core>
<MemPortIdVec></MemPortIdVec>
<condition id="56">
<or_exp><and_exp></and_exp></or_exp>
</condition>

<Node id="87" bw="8" op_0_bw="8" op_1_bw="8">
<![CDATA[
._crit_edge2_ifconv:25  %tmp_2_i = sub i8 0, %tmp

]]></Node>
<StgValue><ssdm name="tmp_2_i"/></StgValue>
</operation>

<operation id="96" st_id="6" stage="1" lat="1">
<core>Sel</core>
<MemPortIdVec></MemPortIdVec>
<condition id="56">
<or_exp><and_exp></and_exp></or_exp>
</condition>

<Node id="88" bw="8" op_0_bw="1" op_1_bw="8" op_2_bw="8">
<![CDATA[
._crit_edge2_ifconv:26  %edge_val = select i1 %tmp_i, i8 %tmp, i8 %tmp_2_i

]]></Node>
<StgValue><ssdm name="edge_val"/></StgValue>
</operation>
</state>

<state id="7" st_id="7">

<operation id="97" st_id="7" stage="1" lat="1">
<core>NULL</core>
<MemPortIdVec></MemPortIdVec>
<condition id="9">
<or_exp><and_exp><literal name="exitcond_flatten" val="0"/>
</and_exp></or_exp>
</condition>

<Node id="39" bw="32" op_0_bw="32" op_1_bw="0">
<![CDATA[
.preheader.preheader:11  %tmp_5 = call i32 (...)* @_ssdm_op_SpecRegionBegin([12 x i8]* @p_str2) nounwind

]]></Node>
<StgValue><ssdm name="tmp_5"/></StgValue>
</operation>

<operation id="98" st_id="7" stage="1" lat="1">
<core>NULL</core>
<MemPortIdVec></MemPortIdVec>
<condition id="9">
<or_exp><and_exp><literal name="exitcond_flatten" val="0"/>
</and_exp></or_exp>
</condition>

<Node id="40" bw="0" op_0_bw="0" op_1_bw="32" op_2_bw="32" op_3_bw="32" op_4_bw="32" op_5_bw="0">
<![CDATA[
.preheader.preheader:12  call void (...)* @_ssdm_op_SpecPipeline(i32 1, i32 1, i32 1, i32 0, [1 x i8]* @p_str1) nounwind

]]></Node>
<StgValue><ssdm name=""/></StgValue>
</operation>

<operation id="99" st_id="7" stage="1" lat="1">
<core>FIFO</core>
<MemPortIdVec></MemPortIdVec>
<condition id="60">
<or_exp><and_exp><literal name="or_cond" val="1"/>
</and_exp></or_exp>
</condition>

<Node id="96" bw="0" op_0_bw="0" op_1_bw="8" op_2_bw="8">
<![CDATA[
:0  call void @_ssdm_op_Write.ap_fifo.volatile.i8P(i8* %output_r, i8 %edge_val) nounwind

]]></Node>
<StgValue><ssdm name=""/></StgValue>
</operation>

<operation id="100" st_id="7" stage="1" lat="1">
<core>NULL</core>
<MemPortIdVec></MemPortIdVec>
<condition id="60">
<or_exp><and_exp><literal name="or_cond" val="1"/>
</and_exp></or_exp>
</condition>

<Node id="97" bw="0" op_0_bw="0">
<![CDATA[
:1  br label %._crit_edge4

]]></Node>
<StgValue><ssdm name=""/></StgValue>
</operation>

<operation id="101" st_id="7" stage="1" lat="1">
<core>NULL</core>
<MemPortIdVec></MemPortIdVec>
<condition id="55">
<or_exp><and_exp><literal name="exitcond_flatten" val="0"/>
</and_exp></or_exp>
</condition>

<Node id="99" bw="32" op_0_bw="32" op_1_bw="0" op_2_bw="32">
<![CDATA[
._crit_edge4:0  %empty = call i32 (...)* @_ssdm_op_SpecRegionEnd([12 x i8]* @p_str2, i32 %tmp_5) nounwind

]]></Node>
<StgValue><ssdm name="empty"/></StgValue>
</operation>

<operation id="102" st_id="7" stage="1" lat="1">
<core>NULL</core>
<MemPortIdVec></MemPortIdVec>
<condition id="55">
<or_exp><and_exp><literal name="exitcond_flatten" val="0"/>
</and_exp></or_exp>
</condition>

<Node id="101" bw="0" op_0_bw="0">
<![CDATA[
._crit_edge4:2  br label %.preheader

]]></Node>
<StgValue><ssdm name=""/></StgValue>
</operation>
</state>

<state id="8" st_id="8">

<operation id="103" st_id="8" stage="1" lat="1">
<core>NULL</core>
<MemPortIdVec></MemPortIdVec>
<condition id="62">
<or_exp><and_exp></and_exp></or_exp>
</condition>

<Node id="103" bw="0">
<![CDATA[
:0  ret void

]]></Node>
<StgValue><ssdm name=""/></StgValue>
</operation>
</state>
</state_list>


<ports>
</ports>


<dataflows>
</dataflows>


</stg>
