<?xml version="1.0" encoding="UTF-8"?>
<GenRun Id="synth_1" LaunchPart="xc7z020clg400-1" LaunchTime="1550759825">
  <File Type="PA-TCL" Name="pynq_z2_wrapper.tcl"/>
  <File Type="RDS-PROPCONSTRS" Name="pynq_z2_wrapper_drc_synth.rpt"/>
  <File Type="REPORTS-TCL" Name="pynq_z2_wrapper_reports.tcl"/>
  <File Type="RDS-RDS" Name="pynq_z2_wrapper.vds"/>
  <File Type="RDS-UTIL" Name="pynq_z2_wrapper_utilization_synth.rpt"/>
  <File Type="RDS-UTIL-PB" Name="pynq_z2_wrapper_utilization_synth.pb"/>
  <File Type="RDS-DCP" Name="pynq_z2_wrapper.dcp"/>
  <File Type="VDS-TIMINGSUMMARY" Name="pynq_z2_wrapper_timing_summary_synth.rpt"/>
  <File Type="VDS-TIMING-PB" Name="pynq_z2_wrapper_timing_summary_synth.pb"/>
  <FileSet Name="sources" Type="DesignSrcs" RelSrcDir="$PSRCDIR/sources_1">
    <Filter Type="Srcs"/>
    <File Path="$PSRCDIR/sources_1/bd/pynq_z2/pynq_z2.bd">
      <FileInfo>
        <Attr Name="ImportPath" Val="$PPRDIR/../.local/dsa/prj/sources_1/bd/pynq_z2/pynq_z2.bd"/>
        <Attr Name="ImportTime" Val="1548125962"/>
        <Attr Name="UsedIn" Val="synthesis"/>
        <Attr Name="UsedIn" Val="implementation"/>
        <Attr Name="UsedIn" Val="simulation"/>
      </FileInfo>
    </File>
    <File Path="$PSRCDIR/sources_1/imports/hdl/pynq_z2_wrapper.v">
      <FileInfo>
        <Attr Name="ImportPath" Val="$PPRDIR/../.local/dsa/prj/sources_1/bd/pynq_z2/hdl/pynq_z2_wrapper.v"/>
        <Attr Name="ImportTime" Val="1548125962"/>
        <Attr Name="UsedIn" Val="synthesis"/>
        <Attr Name="UsedIn" Val="implementation"/>
        <Attr Name="UsedIn" Val="simulation"/>
      </FileInfo>
    </File>
    <File Path="$PSRCDIR/sources_1/bd/pynq_z2/hdl/pynq_z2_wrapper.v">
      <FileInfo>
        <Attr Name="AutoDisabled" Val="1"/>
        <Attr Name="UsedIn" Val="synthesis"/>
        <Attr Name="UsedIn" Val="implementation"/>
        <Attr Name="UsedIn" Val="simulation"/>
      </FileInfo>
    </File>
    <Config>
      <Option Name="DesignMode" Val="RTL"/>
      <Option Name="TopModule" Val="pynq_z2_wrapper"/>
    </Config>
  </FileSet>
  <FileSet Name="constrs_in" Type="Constrs" RelSrcDir="$PSRCDIR/constrs_1">
    <Filter Type="Constrs"/>
    <File Path="$PPRDIR/../output/pynq_z2_ooc_copy.xdc">
      <FileInfo>
        <Attr Name="UsedIn" Val="synthesis"/>
        <Attr Name="UsedIn" Val="implementation"/>
        <Attr Name="UsedIn" Val="out_of_context"/>
        <Attr Name="ProcessingOrder" Val="EARLY"/>
      </FileInfo>
    </File>
    <Config>
      <Option Name="ConstrsType" Val="XDC"/>
    </Config>
  </FileSet>
  <Strategy Version="1" Minor="2">
    <StratHandle Name="Vivado Synthesis Defaults" Flow="Vivado Synthesis 2018">
      <Desc>Vivado Synthesis Defaults</Desc>
    </StratHandle>
    <Step Id="synth_design"/>
  </Strategy>
  <BlockFileSet Type="BlockSrcs" Name="pynq_z2_m00_regslice_0"/>
  <BlockFileSet Type="BlockSrcs" Name="pynq_z2_m03_regslice_0"/>
  <BlockFileSet Type="BlockSrcs" Name="pynq_z2_s00_data_fifo_0"/>
  <BlockFileSet Type="BlockSrcs" Name="pynq_z2_dm_1_0"/>
  <BlockFileSet Type="BlockSrcs" Name="pynq_z2_auto_pc_0"/>
  <BlockFileSet Type="BlockSrcs" Name="pynq_z2_s00_regslice_0"/>
  <BlockFileSet Type="BlockSrcs" Name="pynq_z2_axcache_0xE_0"/>
  <BlockFileSet Type="BlockSrcs" Name="pynq_z2_sharpen_filter_1_if_0"/>
  <BlockFileSet Type="BlockSrcs" Name="pynq_z2_axis_dwc_dm_1_rx_0_0"/>
  <BlockFileSet Type="BlockSrcs" Name="pynq_z2_auto_pc_1"/>
  <BlockFileSet Type="BlockSrcs" Name="pynq_z2_sobel_filter_1_0"/>
  <BlockFileSet Type="BlockSrcs" Name="pynq_z2_xbar_1"/>
  <BlockFileSet Type="BlockSrcs" Name="pynq_z2_sharpen_filter_1_0"/>
  <BlockFileSet Type="BlockSrcs" Name="pynq_z2_xbar_0"/>
  <BlockFileSet Type="BlockSrcs" Name="pynq_z2_sobel_filter_1_if_0"/>
  <BlockFileSet Type="BlockSrcs" Name="pynq_z2_dm_0_0"/>
  <BlockFileSet Type="BlockSrcs" Name="pynq_z2_axis_dwc_dm_0_tx_0_0"/>
  <BlockFileSet Type="BlockSrcs" Name="pynq_z2_m00_data_fifo_0"/>
  <BlockFileSet Type="BlockSrcs" Name="pynq_z2_sds_irq_const_0"/>
  <BlockFileSet Type="BlockSrcs" Name="pynq_z2_s00_data_fifo_1"/>
  <BlockFileSet Type="BlockSrcs" Name="pynq_z2_m02_regslice_0"/>
  <BlockFileSet Type="BlockSrcs" Name="pynq_z2_s01_data_fifo_0"/>
  <BlockFileSet Type="BlockSrcs" Name="pynq_z2_s01_regslice_0"/>
  <BlockFileSet Type="BlockSrcs" Name="pynq_z2_s00_regslice_1"/>
  <BlockFileSet Type="BlockSrcs" Name="pynq_z2_m00_regslice_1"/>
  <BlockFileSet Type="BlockSrcs" Name="pynq_z2_m01_regslice_0"/>
  <BlockFileSet Type="BlockSrcs" Name="pynq_z2_clk_wiz_0_0"/>
  <BlockFileSet Type="BlockSrcs" Name="pynq_z2_proc_sys_reset_0_0"/>
  <BlockFileSet Type="BlockSrcs" Name="pynq_z2_proc_sys_reset_2_0"/>
  <BlockFileSet Type="BlockSrcs" Name="pynq_z2_proc_sys_reset_3_0"/>
  <BlockFileSet Type="BlockSrcs" Name="pynq_z2_proc_sys_reset_1_0"/>
  <BlockFileSet Type="BlockSrcs" Name="pynq_z2_ps7_0_0"/>
  <BlockFileSet Type="BlockSrcs" Name="pynq_z2_xlconcat_0_0"/>
</GenRun>
