<?xml version="1.0"?>
<Runs Version="1" Minor="0">
	<Run Id="pynq_z1_rgb_2_gray_1_0_synth_1" LaunchDir="C:/xup/SDSoC/labs/lab4b/Debug/_sds/p0/vivado/prj/prj.runs/pynq_z1_rgb_2_gray_1_0_synth_1" FlowId="Vivado_Synthesis" FromStepId="vivado" ToStepId="vivado"/>
	<Run Id="pynq_z1_axis_dwc_dm_0_tx_0_0_synth_1" LaunchDir="C:/xup/SDSoC/labs/lab4b/Debug/_sds/p0/vivado/prj/prj.runs/pynq_z1_axis_dwc_dm_0_tx_0_0_synth_1" FlowId="Vivado_Synthesis" FromStepId="vivado" ToStepId="vivado"/>
	<Run Id="pynq_z1_rgb_2_gray_1_if_0_synth_1" LaunchDir="C:/xup/SDSoC/labs/lab4b/Debug/_sds/p0/vivado/prj/prj.runs/pynq_z1_rgb_2_gray_1_if_0_synth_1" FlowId="Vivado_Synthesis" FromStepId="vivado" ToStepId="vivado"/>
	<Run Id="pynq_z1_trace_strm_1_0_synth_1" LaunchDir="C:/xup/SDSoC/labs/lab4b/Debug/_sds/p0/vivado/prj/prj.runs/pynq_z1_trace_strm_1_0_synth_1" FlowId="Vivado_Synthesis" FromStepId="vivado" ToStepId="vivado"/>
	<Run Id="pynq_z1_trace_axi_fifo_register_0_synth_1" LaunchDir="C:/xup/SDSoC/labs/lab4b/Debug/_sds/p0/vivado/prj/prj.runs/pynq_z1_trace_axi_fifo_register_0_synth_1" FlowId="Vivado_Synthesis" FromStepId="vivado" ToStepId="vivado"/>
	<Run Id="pynq_z1_trace_axis_dwidth_converter_0_0_synth_1" LaunchDir="C:/xup/SDSoC/labs/lab4b/Debug/_sds/p0/vivado/prj/prj.runs/pynq_z1_trace_axis_dwidth_converter_0_0_synth_1" FlowId="Vivado_Synthesis" FromStepId="vivado" ToStepId="vivado"/>
	<Run Id="pynq_z1_xbar_0_synth_1" LaunchDir="C:/xup/SDSoC/labs/lab4b/Debug/_sds/p0/vivado/prj/prj.runs/pynq_z1_xbar_0_synth_1" FlowId="Vivado_Synthesis" FromStepId="vivado" ToStepId="vivado"/>
	<Run Id="pynq_z1_trace_acc_0_0_synth_1" LaunchDir="C:/xup/SDSoC/labs/lab4b/Debug/_sds/p0/vivado/prj/prj.runs/pynq_z1_trace_acc_0_0_synth_1" FlowId="Vivado_Synthesis" FromStepId="vivado" ToStepId="vivado"/>
	<Run Id="pynq_z1_trace_data_fifo_0_synth_1" LaunchDir="C:/xup/SDSoC/labs/lab4b/Debug/_sds/p0/vivado/prj/prj.runs/pynq_z1_trace_data_fifo_0_synth_1" FlowId="Vivado_Synthesis" FromStepId="vivado" ToStepId="vivado"/>
	<Run Id="pynq_z1_trace_strm_0_0_synth_1" LaunchDir="C:/xup/SDSoC/labs/lab4b/Debug/_sds/p0/vivado/prj/prj.runs/pynq_z1_trace_strm_0_0_synth_1" FlowId="Vivado_Synthesis" FromStepId="vivado" ToStepId="vivado"/>
	<Run Id="pynq_z1_trace_monitor_0_0_synth_1" LaunchDir="C:/xup/SDSoC/labs/lab4b/Debug/_sds/p0/vivado/prj/prj.runs/pynq_z1_trace_monitor_0_0_synth_1" FlowId="Vivado_Synthesis" FromStepId="vivado" ToStepId="vivado"/>
	<Run Id="pynq_z1_mdm_0_0_synth_1" LaunchDir="C:/xup/SDSoC/labs/lab4b/Debug/_sds/p0/vivado/prj/prj.runs/pynq_z1_mdm_0_0_synth_1" FlowId="Vivado_Synthesis" FromStepId="vivado" ToStepId="vivado"/>
	<Run Id="pynq_z1_m03_regslice_0_synth_1" LaunchDir="C:/xup/SDSoC/labs/lab4b/Debug/_sds/p0/vivado/prj/prj.runs/pynq_z1_m03_regslice_0_synth_1" FlowId="Vivado_Synthesis" FromStepId="vivado" ToStepId="vivado"/>
	<Run Id="synth_1" LaunchDir="C:/xup/SDSoC/labs/lab4b/Debug/_sds/p0/vivado/prj/prj.runs/synth_1" FlowId="Vivado_Synthesis" FromStepId="vivado" ToStepId="vivado">
		<Parent Id="pynq_z1_rgb_2_gray_1_0_synth_1"/>
		<Parent Id="pynq_z1_axis_dwc_dm_0_tx_0_0_synth_1"/>
		<Parent Id="pynq_z1_rgb_2_gray_1_if_0_synth_1"/>
		<Parent Id="pynq_z1_trace_strm_1_0_synth_1"/>
		<Parent Id="pynq_z1_trace_axi_fifo_register_0_synth_1"/>
		<Parent Id="pynq_z1_trace_axis_dwidth_converter_0_0_synth_1"/>
		<Parent Id="pynq_z1_xbar_0_synth_1"/>
		<Parent Id="pynq_z1_trace_acc_0_0_synth_1"/>
		<Parent Id="pynq_z1_trace_data_fifo_0_synth_1"/>
		<Parent Id="pynq_z1_trace_strm_0_0_synth_1"/>
		<Parent Id="pynq_z1_trace_monitor_0_0_synth_1"/>
		<Parent Id="pynq_z1_mdm_0_0_synth_1"/>
		<Parent Id="pynq_z1_m03_regslice_0_synth_1"/>
	</Run>
</Runs>

