<annotationInfo>
<annotationInfo>
<item  id="10" filename="C:/xup/SDSoC/labs/lab5a/src/sharpen.c" linenumber="69" name="buff_A_0" contextFuncName="sharpen_filter" moduleName="sharpen_filter" rtlName="buff_A_0_U" latency="0" BRAM="-1" DSP="-1" FF="-1" LUT="-1" fileDirectory="C:\xup\SDSoC\labs\lab5a\Debug"><\/item>
<item  id="11" filename="C:/xup/SDSoC/labs/lab5a/src/sharpen.c" linenumber="69" name="buff_A_1" contextFuncName="sharpen_filter" moduleName="sharpen_filter" rtlName="buff_A_1_U" latency="0" BRAM="-1" DSP="-1" FF="-1" LUT="-1" fileDirectory="C:\xup\SDSoC\labs\lab5a\Debug"><\/item>
<item  id="12" filename="C:/xup/SDSoC/labs/lab5a/src/sharpen.c" linenumber="69" name="buff_A_2" contextFuncName="sharpen_filter" moduleName="sharpen_filter" rtlName="buff_A_2_U" latency="0" BRAM="-1" DSP="-1" FF="-1" LUT="-1" fileDirectory="C:\xup\SDSoC\labs\lab5a\Debug"><\/item>
<item  id="28" filename="C:/xup/SDSoC/labs/lab5a/src/sharpen.c" linenumber="73" name="exitcond" contextFuncName="sharpen_filter" moduleName="sharpen_filter" rtlName="exitcond_fu_233_p2" latency="0" BRAM="-1" DSP="-1" FF="0" LUT="13" fileDirectory="C:\xup\SDSoC\labs\lab5a\Debug"><\/item>
<item  id="29" filename="C:/xup/SDSoC/labs/lab5a/src/sharpen.c" linenumber="73" name="col_assign_mid2" contextFuncName="sharpen_filter" moduleName="sharpen_filter" rtlName="col_assign_mid2_fu_239_p3" latency="0" BRAM="-1" DSP="-1" FF="0" LUT="11" fileDirectory="C:\xup\SDSoC\labs\lab5a\Debug"><\/item>
<item  id="30" filename="C:/xup/SDSoC/labs/lab5a/src/sharpen.c" linenumber="72" name="row_s" contextFuncName="sharpen_filter" moduleName="sharpen_filter" rtlName="row_s_fu_247_p2" latency="0" BRAM="-1" DSP="-1" FF="0" LUT="13" fileDirectory="C:\xup\SDSoC\labs\lab5a\Debug"><\/item>
<item  id="31" filename="C:/xup/SDSoC/labs/lab5a/src/sharpen.c" linenumber="92" name="tmp_mid1" contextFuncName="sharpen_filter" moduleName="sharpen_filter" rtlName="tmp_mid1_fu_253_p2" latency="0" BRAM="-1" DSP="-1" FF="0" LUT="13" fileDirectory="C:\xup\SDSoC\labs\lab5a\Debug"><\/item>
<item  id="32" filename="C:/xup/SDSoC/labs/lab5a/src/sharpen.c" linenumber="92" name="tmp6" contextFuncName="sharpen_filter" moduleName="sharpen_filter" rtlName="tmp6_fu_259_p2" latency="0" BRAM="-1" DSP="-1" FF="0" LUT="13" fileDirectory="C:\xup\SDSoC\labs\lab5a\Debug"><\/item>
<item  id="33" filename="C:/xup/SDSoC/labs/lab5a/src/sharpen.c" linenumber="92" name="tmp_mid2" contextFuncName="sharpen_filter" moduleName="sharpen_filter" rtlName="tmp_mid2_fu_265_p3" latency="0" BRAM="-1" DSP="-1" FF="0" LUT="2" fileDirectory="C:\xup\SDSoC\labs\lab5a\Debug"><\/item>
<item  id="34" filename="C:/xup/SDSoC/labs/lab5a/src/sharpen.c" linenumber="120" name="tmp_9_mid1" contextFuncName="sharpen_filter" moduleName="sharpen_filter" rtlName="tmp_9_mid1_fu_273_p2" latency="0" BRAM="-1" DSP="-1" FF="0" LUT="13" fileDirectory="C:\xup\SDSoC\labs\lab5a\Debug"><\/item>
<item  id="35" filename="C:/xup/SDSoC/labs/lab5a/src/sharpen.c" linenumber="120" name="tmp_1" contextFuncName="sharpen_filter" moduleName="sharpen_filter" rtlName="tmp_1_fu_279_p2" latency="0" BRAM="-1" DSP="-1" FF="0" LUT="13" fileDirectory="C:\xup\SDSoC\labs\lab5a\Debug"><\/item>
<item  id="36" filename="C:/xup/SDSoC/labs/lab5a/src/sharpen.c" linenumber="120" name="tmp_9_mid2" contextFuncName="sharpen_filter" moduleName="sharpen_filter" rtlName="tmp_9_mid2_fu_285_p3" latency="0" BRAM="-1" DSP="-1" FF="0" LUT="2" fileDirectory="C:\xup\SDSoC\labs\lab5a\Debug"><\/item>
<item  id="37" filename="C:/xup/SDSoC/labs/lab5a/src/sharpen.c" linenumber="73" name="row_mid2" contextFuncName="sharpen_filter" moduleName="sharpen_filter" rtlName="row_mid2_fu_293_p3" latency="0" BRAM="-1" DSP="-1" FF="0" LUT="11" fileDirectory="C:\xup\SDSoC\labs\lab5a\Debug"><\/item>
<item  id="38" filename="C:/xup/SDSoC/labs/lab5a/src/sharpen.c" linenumber="133" name="col_assign_cast2" contextFuncName="linebuffer_shift_up" moduleName="sharpen_filter" rtlName="col_assign_cast2_fu_301_p1" latency="0" BRAM="-1" DSP="-1" FF="-1" LUT="-1" fileDirectory="C:\xup\SDSoC\labs\lab5a\Debug"><\/item>
<item  id="41" filename="C:/xup/SDSoC/labs/lab5a/src/sharpen.c" linenumber="85" name="tmp_s" contextFuncName="sharpen_filter" moduleName="sharpen_filter" rtlName="tmp_s_fu_307_p2" latency="0" BRAM="-1" DSP="-1" FF="0" LUT="13" fileDirectory="C:\xup\SDSoC\labs\lab5a\Debug"><\/item>
<item  id="54" filename="C:/xup/SDSoC/labs/lab5a/src/sharpen.c" linenumber="92" name="tmp_2" contextFuncName="sharpen_filter" moduleName="sharpen_filter" rtlName="tmp_2_fu_313_p2" latency="0" BRAM="-1" DSP="-1" FF="0" LUT="2" fileDirectory="C:\xup\SDSoC\labs\lab5a\Debug"><\/item>
<item  id="68" filename="C:/xup/SDSoC/labs/lab5a/src/sharpen.c" linenumber="204" name="buff_C_1_2" contextFuncName="window_getval" moduleName="sharpen_filter" rtlName="buff_C_1_2_fu_351_p3" latency="0" BRAM="-1" DSP="-1" FF="0" LUT="8" fileDirectory="C:\xup\SDSoC\labs\lab5a\Debug"><\/item>
<item  id="69" filename="C:/xup/SDSoC/labs/lab5a/src/sharpen.c" linenumber="85" name="buff_C_0_2_1" contextFuncName="sharpen_filter" moduleName="sharpen_filter" rtlName="buff_C_0_2_1_fu_369_p3" latency="0" BRAM="-1" DSP="-1" FF="0" LUT="8" fileDirectory="C:\xup\SDSoC\labs\lab5a\Debug"><\/item>
<item  id="70" filename="C:/xup/SDSoC/labs/lab5a/src/sharpen.c" linenumber="85" name="buff_C_2_2_1" contextFuncName="sharpen_filter" moduleName="sharpen_filter" rtlName="buff_C_2_2_1_fu_376_p3" latency="0" BRAM="-1" DSP="-1" FF="0" LUT="8" fileDirectory="C:\xup\SDSoC\labs\lab5a\Debug"><\/item>
<item  id="71" filename="C:/xup/SDSoC/labs/lab5a/src/sharpen.c" linenumber="49" name="tmp_4_0_1_i_cast" contextFuncName="sharpen_operator" moduleName="sharpen_filter" rtlName="tmp_4_0_1_i_cast_fu_383_p1" latency="0" BRAM="-1" DSP="-1" FF="-1" LUT="-1" fileDirectory="C:\xup\SDSoC\labs\lab5a\Debug"><\/item>
<item  id="72" filename="C:/xup/SDSoC/labs/lab5a/src/sharpen.c" linenumber="49" name="tmp_4_1_i_cast" contextFuncName="sharpen_operator" moduleName="sharpen_filter" rtlName="tmp_4_1_i_cast_fu_387_p1" latency="0" BRAM="-1" DSP="-1" FF="-1" LUT="-1" fileDirectory="C:\xup\SDSoC\labs\lab5a\Debug"><\/item>
<item  id="73" filename="C:/xup/SDSoC/labs/lab5a/src/sharpen.c" linenumber="49" name="sum_i" contextFuncName="sharpen_operator" moduleName="sharpen_filter" rtlName="sum_i_fu_390_p2" latency="0" BRAM="-1" DSP="-1" FF="0" LUT="15" fileDirectory="C:\xup\SDSoC\labs\lab5a\Debug"><\/item>
<item  id="74" filename="C:/xup/SDSoC/labs/lab5a/src/sharpen.c" linenumber="49" name="sum_i_cast" contextFuncName="sharpen_operator" moduleName="sharpen_filter" rtlName="sum_i_cast_fu_396_p1" latency="0" BRAM="-1" DSP="-1" FF="-1" LUT="-1" fileDirectory="C:\xup\SDSoC\labs\lab5a\Debug"><\/item>
<item  id="75" filename="C:/xup/SDSoC/labs/lab5a/src/sharpen.c" linenumber="49" name="tmp_4_1_1_i_cast1" contextFuncName="sharpen_operator" moduleName="sharpen_filter" rtlName="tmp_4_1_1_i_cast1_fu_400_p1" latency="0" BRAM="-1" DSP="-1" FF="-1" LUT="-1" fileDirectory="C:\xup\SDSoC\labs\lab5a\Debug"><\/item>
<item  id="76" filename="C:/xup/SDSoC/labs/lab5a/src/sharpen.c" linenumber="49" name="p_shl_i" contextFuncName="sharpen_operator" moduleName="sharpen_filter" rtlName="p_shl_i_fu_403_p3" latency="0" BRAM="-1" DSP="-1" FF="-1" LUT="-1" fileDirectory="C:\xup\SDSoC\labs\lab5a\Debug"><\/item>
<item  id="77" filename="C:/xup/SDSoC/labs/lab5a/src/sharpen.c" linenumber="49" name="p_shl_i_cast" contextFuncName="sharpen_operator" moduleName="sharpen_filter" rtlName="p_shl_i_cast_fu_410_p1" latency="0" BRAM="-1" DSP="-1" FF="-1" LUT="-1" fileDirectory="C:\xup\SDSoC\labs\lab5a\Debug"><\/item>
<item  id="78" filename="C:/xup/SDSoC/labs/lab5a/src/sharpen.c" linenumber="49" name="tmp_5_1_1_i" contextFuncName="sharpen_operator" moduleName="sharpen_filter" rtlName="tmp_5_1_1_i_fu_414_p2" latency="0" BRAM="-1" DSP="-1" FF="0" LUT="13" fileDirectory="C:\xup\SDSoC\labs\lab5a\Debug"><\/item>
<item  id="79" filename="C:/xup/SDSoC/labs/lab5a/src/sharpen.c" linenumber="49" name="tmp_5_1_1_i_cast" contextFuncName="sharpen_operator" moduleName="sharpen_filter" rtlName="tmp_5_1_1_i_cast_fu_420_p1" latency="0" BRAM="-1" DSP="-1" FF="-1" LUT="-1" fileDirectory="C:\xup\SDSoC\labs\lab5a\Debug"><\/item>
<item  id="80" filename="C:/xup/SDSoC/labs/lab5a/src/sharpen.c" linenumber="49" name="x_weight_2_1_1_i" contextFuncName="sharpen_operator" moduleName="sharpen_filter" rtlName="x_weight_2_1_1_i_fu_424_p2" latency="0" BRAM="-1" DSP="-1" FF="0" LUT="12" fileDirectory="C:\xup\SDSoC\labs\lab5a\Debug"><\/item>
<item  id="81" filename="C:/xup/SDSoC/labs/lab5a/src/sharpen.c" linenumber="49" name="tmp_4_1_2_i_cast" contextFuncName="sharpen_operator" moduleName="sharpen_filter" rtlName="tmp_4_1_2_i_cast_fu_440_p1" latency="0" BRAM="-1" DSP="-1" FF="-1" LUT="-1" fileDirectory="C:\xup\SDSoC\labs\lab5a\Debug"><\/item>
<item  id="82" filename="C:/xup/SDSoC/labs/lab5a/src/sharpen.c" linenumber="49" name="x_weight_2_1_2_i" contextFuncName="sharpen_operator" moduleName="sharpen_filter" rtlName="x_weight_2_1_2_i_fu_443_p2" latency="0" BRAM="-1" DSP="-1" FF="0" LUT="12" fileDirectory="C:\xup\SDSoC\labs\lab5a\Debug"><\/item>
<item  id="83" filename="C:/xup/SDSoC/labs/lab5a/src/sharpen.c" linenumber="49" name="tmp_4_2_1_i_cast" contextFuncName="sharpen_operator" moduleName="sharpen_filter" rtlName="tmp_4_2_1_i_cast_fu_448_p1" latency="0" BRAM="-1" DSP="-1" FF="-1" LUT="-1" fileDirectory="C:\xup\SDSoC\labs\lab5a\Debug"><\/item>
<item  id="84" filename="C:/xup/SDSoC/labs/lab5a/src/sharpen.c" linenumber="49" name="x_weight_2_2_1_i" contextFuncName="sharpen_operator" moduleName="sharpen_filter" rtlName="x_weight_2_2_1_i_fu_451_p2" latency="0" BRAM="-1" DSP="-1" FF="0" LUT="12" fileDirectory="C:\xup\SDSoC\labs\lab5a\Debug"><\/item>
<item  id="85" filename="C:/xup/SDSoC/labs/lab5a/src/sharpen.c" linenumber="53" name="tmp_i" contextFuncName="sharpen_operator" moduleName="sharpen_filter" rtlName="tmp_i_fu_457_p2" latency="0" BRAM="-1" DSP="-1" FF="0" LUT="13" fileDirectory="C:\xup\SDSoC\labs\lab5a\Debug"><\/item>
<item  id="86" filename="C:/xup/SDSoC/labs/lab5a/src/sharpen.c" linenumber="53" name="tmp" contextFuncName="sharpen_operator" moduleName="sharpen_filter" rtlName="tmp_fu_463_p1" latency="0" BRAM="-1" DSP="-1" FF="-1" LUT="-1" fileDirectory="C:\xup\SDSoC\labs\lab5a\Debug"><\/item>
<item  id="87" filename="C:/xup/SDSoC/labs/lab5a/src/sharpen.c" linenumber="53" name="tmp_2_i" contextFuncName="sharpen_operator" moduleName="sharpen_filter" rtlName="tmp_2_i_fu_467_p2" latency="0" BRAM="-1" DSP="-1" FF="0" LUT="15" fileDirectory="C:\xup\SDSoC\labs\lab5a\Debug"><\/item>
<item  id="88" filename="C:/xup/SDSoC/labs/lab5a/src/sharpen.c" linenumber="53" name="edge_val" contextFuncName="sharpen_operator" moduleName="sharpen_filter" rtlName="edge_val_fu_473_p3" latency="0" BRAM="-1" DSP="-1" FF="0" LUT="8" fileDirectory="C:\xup\SDSoC\labs\lab5a\Debug"><\/item>
<item  id="89" filename="C:/xup/SDSoC/labs/lab5a/src/sharpen.c" linenumber="120" name="tmp_3" contextFuncName="sharpen_filter" moduleName="sharpen_filter" rtlName="tmp_3_fu_319_p2" latency="0" BRAM="-1" DSP="-1" FF="0" LUT="13" fileDirectory="C:\xup\SDSoC\labs\lab5a\Debug"><\/item>
<item  id="90" filename="C:/xup/SDSoC/labs/lab5a/src/sharpen.c" linenumber="120" name="or_cond" contextFuncName="sharpen_filter" moduleName="sharpen_filter" rtlName="or_cond_fu_325_p2" latency="0" BRAM="-1" DSP="-1" FF="0" LUT="2" fileDirectory="C:\xup\SDSoC\labs\lab5a\Debug"><\/item>
<item  id="100" filename="C:/xup/SDSoC/labs/lab5a/src/sharpen.c" linenumber="73" name="col" contextFuncName="sharpen_filter" moduleName="sharpen_filter" rtlName="col_fu_331_p2" latency="0" BRAM="-1" DSP="-1" FF="0" LUT="13" fileDirectory="C:\xup\SDSoC\labs\lab5a\Debug"><\/item>
<\/annotationInfo>
</annotationInfo>
