<?xml version="1.0"?>
<Project Version="1" Minor="3" DIGEST="">
	<TOOL_VERSION Version="2018.2"/>
	<MODE Name="Pre-Synthesis"/>
	<SYSTEMINFO BOARD="tul.com.tw:pynq-z2:1.0" PART="xc7z020clg400-1" ARCH="zynq" PACKAGE="clg400" DEVICE="7z020" SPEED="-1"/>
	<HIERARCHY Name="pynq_z1_wrapper"/>
	<File Type="HW_HANDOFF" Name="pynq_z1.hwh" DESIGN_HIERARCHY="pynq_z1_i" BD_TYPE="DEFAULT_BD"/>
	<File Type="BD_TCL" Name="pynq_z1_bd.tcl"/>
	<File Type="PS_FSBL_INIT" Name="ps7_init.c"/>
	<File Type="PS_FSBL_INIT" Name="ps7_init.h"/>
	<File Type="PS_FSBL_INIT_GPL" Name="ps7_init_gpl.c"/>
	<File Type="PS_FSBL_INIT_GPL" Name="ps7_init_gpl.h"/>
	<File Type="PS_INIT_HELP" Name="ps7_init.html"/>
	<File Type="PS_XMD_INIT" Name="ps7_init.tcl"/>
	<BOARD Type="NotIntegrated">
		<BASEBOARD Name="tul.com.tw:pynq-z2:1.0">
		</BASEBOARD>
	</BOARD>
	<USEDRESOURCES/>
</Project>

