<?xml version="1.0"?>
<Runs Version="1" Minor="0">
	<Run Id="pynq_z2_m00_data_fifo_0_synth_1" LaunchDir="C:/xup/SDSoC/labs/lab4b/Debug/_sds/p0/vivado/prj/prj.runs/pynq_z2_m00_data_fifo_0_synth_1" FlowId="Vivado_Synthesis" FromStepId="vivado" ToStepId="vivado"/>
	<Run Id="pynq_z2_m00_regslice_1_synth_1" LaunchDir="C:/xup/SDSoC/labs/lab4b/Debug/_sds/p0/vivado/prj/prj.runs/pynq_z2_m00_regslice_1_synth_1" FlowId="Vivado_Synthesis" FromStepId="vivado" ToStepId="vivado"/>
	<Run Id="pynq_z2_auto_pc_1_synth_1" LaunchDir="C:/xup/SDSoC/labs/lab4b/Debug/_sds/p0/vivado/prj/prj.runs/pynq_z2_auto_pc_1_synth_1" FlowId="Vivado_Synthesis" FromStepId="vivado" ToStepId="vivado"/>
	<Run Id="pynq_z2_rgb_2_gray_1_if_0_synth_1" LaunchDir="C:/xup/SDSoC/labs/lab4b/Debug/_sds/p0/vivado/prj/prj.runs/pynq_z2_rgb_2_gray_1_if_0_synth_1" FlowId="Vivado_Synthesis" FromStepId="vivado" ToStepId="vivado"/>
	<Run Id="pynq_z2_mdm_0_0_synth_1" LaunchDir="C:/xup/SDSoC/labs/lab4b/Debug/_sds/p0/vivado/prj/prj.runs/pynq_z2_mdm_0_0_synth_1" FlowId="Vivado_Synthesis" FromStepId="vivado" ToStepId="vivado"/>
	<Run Id="pynq_z2_trace_acc_0_0_synth_1" LaunchDir="C:/xup/SDSoC/labs/lab4b/Debug/_sds/p0/vivado/prj/prj.runs/pynq_z2_trace_acc_0_0_synth_1" FlowId="Vivado_Synthesis" FromStepId="vivado" ToStepId="vivado"/>
	<Run Id="pynq_z2_trace_axis_dwidth_converter_0_0_synth_1" LaunchDir="C:/xup/SDSoC/labs/lab4b/Debug/_sds/p0/vivado/prj/prj.runs/pynq_z2_trace_axis_dwidth_converter_0_0_synth_1" FlowId="Vivado_Synthesis" FromStepId="vivado" ToStepId="vivado"/>
	<Run Id="pynq_z2_trace_strm_0_0_synth_1" LaunchDir="C:/xup/SDSoC/labs/lab4b/Debug/_sds/p0/vivado/prj/prj.runs/pynq_z2_trace_strm_0_0_synth_1" FlowId="Vivado_Synthesis" FromStepId="vivado" ToStepId="vivado"/>
	<Run Id="pynq_z2_dm_1_0_synth_1" LaunchDir="C:/xup/SDSoC/labs/lab4b/Debug/_sds/p0/vivado/prj/prj.runs/pynq_z2_dm_1_0_synth_1" FlowId="Vivado_Synthesis" FromStepId="vivado" ToStepId="vivado"/>
	<Run Id="pynq_z2_dm_0_0_synth_1" LaunchDir="C:/xup/SDSoC/labs/lab4b/Debug/_sds/p0/vivado/prj/prj.runs/pynq_z2_dm_0_0_synth_1" FlowId="Vivado_Synthesis" FromStepId="vivado" ToStepId="vivado"/>
	<Run Id="pynq_z2_trace_monitor_0_0_synth_1" LaunchDir="C:/xup/SDSoC/labs/lab4b/Debug/_sds/p0/vivado/prj/prj.runs/pynq_z2_trace_monitor_0_0_synth_1" FlowId="Vivado_Synthesis" FromStepId="vivado" ToStepId="vivado"/>
	<Run Id="pynq_z2_trace_strm_1_0_synth_1" LaunchDir="C:/xup/SDSoC/labs/lab4b/Debug/_sds/p0/vivado/prj/prj.runs/pynq_z2_trace_strm_1_0_synth_1" FlowId="Vivado_Synthesis" FromStepId="vivado" ToStepId="vivado"/>
	<Run Id="pynq_z2_trace_data_fifo_0_synth_1" LaunchDir="C:/xup/SDSoC/labs/lab4b/Debug/_sds/p0/vivado/prj/prj.runs/pynq_z2_trace_data_fifo_0_synth_1" FlowId="Vivado_Synthesis" FromStepId="vivado" ToStepId="vivado"/>
	<Run Id="pynq_z2_rgb_2_gray_1_0_synth_1" LaunchDir="C:/xup/SDSoC/labs/lab4b/Debug/_sds/p0/vivado/prj/prj.runs/pynq_z2_rgb_2_gray_1_0_synth_1" FlowId="Vivado_Synthesis" FromStepId="vivado" ToStepId="vivado"/>
	<Run Id="pynq_z2_axis_dwc_dm_0_tx_0_0_synth_1" LaunchDir="C:/xup/SDSoC/labs/lab4b/Debug/_sds/p0/vivado/prj/prj.runs/pynq_z2_axis_dwc_dm_0_tx_0_0_synth_1" FlowId="Vivado_Synthesis" FromStepId="vivado" ToStepId="vivado"/>
	<Run Id="pynq_z2_trace_axi_fifo_register_0_synth_1" LaunchDir="C:/xup/SDSoC/labs/lab4b/Debug/_sds/p0/vivado/prj/prj.runs/pynq_z2_trace_axi_fifo_register_0_synth_1" FlowId="Vivado_Synthesis" FromStepId="vivado" ToStepId="vivado"/>
	<Run Id="pynq_z2_axis_dwc_dm_1_rx_0_0_synth_1" LaunchDir="C:/xup/SDSoC/labs/lab4b/Debug/_sds/p0/vivado/prj/prj.runs/pynq_z2_axis_dwc_dm_1_rx_0_0_synth_1" FlowId="Vivado_Synthesis" FromStepId="vivado" ToStepId="vivado"/>
	<Run Id="pynq_z2_s01_regslice_0_synth_1" LaunchDir="C:/xup/SDSoC/labs/lab4b/Debug/_sds/p0/vivado/prj/prj.runs/pynq_z2_s01_regslice_0_synth_1" FlowId="Vivado_Synthesis" FromStepId="vivado" ToStepId="vivado"/>
	<Run Id="pynq_z2_s01_data_fifo_0_synth_1" LaunchDir="C:/xup/SDSoC/labs/lab4b/Debug/_sds/p0/vivado/prj/prj.runs/pynq_z2_s01_data_fifo_0_synth_1" FlowId="Vivado_Synthesis" FromStepId="vivado" ToStepId="vivado"/>
	<Run Id="pynq_z2_xbar_1_synth_1" LaunchDir="C:/xup/SDSoC/labs/lab4b/Debug/_sds/p0/vivado/prj/prj.runs/pynq_z2_xbar_1_synth_1" FlowId="Vivado_Synthesis" FromStepId="vivado" ToStepId="vivado"/>
	<Run Id="pynq_z2_axcache_0xE_0_synth_1" LaunchDir="C:/xup/SDSoC/labs/lab4b/Debug/_sds/p0/vivado/prj/prj.runs/pynq_z2_axcache_0xE_0_synth_1" FlowId="Vivado_Synthesis" FromStepId="vivado" ToStepId="vivado"/>
	<Run Id="pynq_z2_xbar_0_synth_1" LaunchDir="C:/xup/SDSoC/labs/lab4b/Debug/_sds/p0/vivado/prj/prj.runs/pynq_z2_xbar_0_synth_1" FlowId="Vivado_Synthesis" FromStepId="vivado" ToStepId="vivado"/>
	<Run Id="pynq_z2_ps7_0_0_synth_1" LaunchDir="C:/xup/SDSoC/labs/lab4b/Debug/_sds/p0/vivado/prj/prj.runs/pynq_z2_ps7_0_0_synth_1" FlowId="Vivado_Synthesis" FromStepId="vivado" ToStepId="vivado"/>
	<Run Id="pynq_z2_m03_regslice_0_synth_1" LaunchDir="C:/xup/SDSoC/labs/lab4b/Debug/_sds/p0/vivado/prj/prj.runs/pynq_z2_m03_regslice_0_synth_1" FlowId="Vivado_Synthesis" FromStepId="vivado" ToStepId="vivado"/>
	<Run Id="pynq_z2_m02_regslice_0_synth_1" LaunchDir="C:/xup/SDSoC/labs/lab4b/Debug/_sds/p0/vivado/prj/prj.runs/pynq_z2_m02_regslice_0_synth_1" FlowId="Vivado_Synthesis" FromStepId="vivado" ToStepId="vivado"/>
	<Run Id="pynq_z2_s00_regslice_0_synth_1" LaunchDir="C:/xup/SDSoC/labs/lab4b/Debug/_sds/p0/vivado/prj/prj.runs/pynq_z2_s00_regslice_0_synth_1" FlowId="Vivado_Synthesis" FromStepId="vivado" ToStepId="vivado"/>
	<Run Id="pynq_z2_auto_pc_0_synth_1" LaunchDir="C:/xup/SDSoC/labs/lab4b/Debug/_sds/p0/vivado/prj/prj.runs/pynq_z2_auto_pc_0_synth_1" FlowId="Vivado_Synthesis" FromStepId="vivado" ToStepId="vivado"/>
	<Run Id="pynq_z2_m00_regslice_0_synth_1" LaunchDir="C:/xup/SDSoC/labs/lab4b/Debug/_sds/p0/vivado/prj/prj.runs/pynq_z2_m00_regslice_0_synth_1" FlowId="Vivado_Synthesis" FromStepId="vivado" ToStepId="vivado"/>
	<Run Id="pynq_z2_s00_data_fifo_0_synth_1" LaunchDir="C:/xup/SDSoC/labs/lab4b/Debug/_sds/p0/vivado/prj/prj.runs/pynq_z2_s00_data_fifo_0_synth_1" FlowId="Vivado_Synthesis" FromStepId="vivado" ToStepId="vivado"/>
	<Run Id="pynq_z2_m01_regslice_0_synth_1" LaunchDir="C:/xup/SDSoC/labs/lab4b/Debug/_sds/p0/vivado/prj/prj.runs/pynq_z2_m01_regslice_0_synth_1" FlowId="Vivado_Synthesis" FromStepId="vivado" ToStepId="vivado" IsOrderedIPRun="true">
		<Parent Id="pynq_z2_m02_regslice_0_synth_1"/>
	</Run>
	<Run Id="pynq_z2_s00_regslice_1_synth_1" LaunchDir="C:/xup/SDSoC/labs/lab4b/Debug/_sds/p0/vivado/prj/prj.runs/pynq_z2_s00_regslice_1_synth_1" FlowId="Vivado_Synthesis" FromStepId="vivado" ToStepId="vivado"/>
	<Run Id="pynq_z2_s00_data_fifo_1_synth_1" LaunchDir="C:/xup/SDSoC/labs/lab4b/Debug/_sds/p0/vivado/prj/prj.runs/pynq_z2_s00_data_fifo_1_synth_1" FlowId="Vivado_Synthesis" FromStepId="vivado" ToStepId="vivado"/>
	<Run Id="synth_1" LaunchDir="C:/xup/SDSoC/labs/lab4b/Debug/_sds/p0/vivado/prj/prj.runs/synth_1" FlowId="Vivado_Synthesis" FromStepId="vivado" ToStepId="vivado">
		<Parent Id="pynq_z2_m00_data_fifo_0_synth_1"/>
		<Parent Id="pynq_z2_m00_regslice_1_synth_1"/>
		<Parent Id="pynq_z2_auto_pc_1_synth_1"/>
		<Parent Id="pynq_z2_rgb_2_gray_1_if_0_synth_1"/>
		<Parent Id="pynq_z2_mdm_0_0_synth_1"/>
		<Parent Id="pynq_z2_trace_acc_0_0_synth_1"/>
		<Parent Id="pynq_z2_trace_axis_dwidth_converter_0_0_synth_1"/>
		<Parent Id="pynq_z2_trace_strm_0_0_synth_1"/>
		<Parent Id="pynq_z2_dm_1_0_synth_1"/>
		<Parent Id="pynq_z2_dm_0_0_synth_1"/>
		<Parent Id="pynq_z2_trace_monitor_0_0_synth_1"/>
		<Parent Id="pynq_z2_trace_strm_1_0_synth_1"/>
		<Parent Id="pynq_z2_trace_data_fifo_0_synth_1"/>
		<Parent Id="pynq_z2_rgb_2_gray_1_0_synth_1"/>
		<Parent Id="pynq_z2_axis_dwc_dm_0_tx_0_0_synth_1"/>
		<Parent Id="pynq_z2_trace_axi_fifo_register_0_synth_1"/>
		<Parent Id="pynq_z2_axis_dwc_dm_1_rx_0_0_synth_1"/>
		<Parent Id="pynq_z2_s01_regslice_0_synth_1"/>
		<Parent Id="pynq_z2_s01_data_fifo_0_synth_1"/>
		<Parent Id="pynq_z2_xbar_1_synth_1"/>
		<Parent Id="pynq_z2_axcache_0xE_0_synth_1"/>
		<Parent Id="pynq_z2_xbar_0_synth_1"/>
		<Parent Id="pynq_z2_ps7_0_0_synth_1"/>
		<Parent Id="pynq_z2_m03_regslice_0_synth_1"/>
		<Parent Id="pynq_z2_m02_regslice_0_synth_1"/>
		<Parent Id="pynq_z2_s00_regslice_0_synth_1"/>
		<Parent Id="pynq_z2_auto_pc_0_synth_1"/>
		<Parent Id="pynq_z2_m00_regslice_0_synth_1"/>
		<Parent Id="pynq_z2_s00_data_fifo_0_synth_1"/>
		<Parent Id="pynq_z2_m01_regslice_0_synth_1"/>
		<Parent Id="pynq_z2_s00_regslice_1_synth_1"/>
		<Parent Id="pynq_z2_s00_data_fifo_1_synth_1"/>
	</Run>
</Runs>

