<?xml version="1.0"?>
<xd:component xd:vendor="xilinx.com" xd:library="xd" xd:name="top" xd:version="1.00" xd:type="design" xmlns:xd="http://www.xilinx.com/xd">
  <xd:repository>
    <xd:file xd:name="xd_ip_db.xml"/>
  </xd:repository>
  <xd:instance xd:name="pynq_z2" xd:componentRef="pynq_z2"/>
  <xd:instance xd:name="sds_irq_const" xd:componentRef="xlconstant">
    <xd:parameter xd:name="CONST_WIDTH" xd:value="1"/>
    <xd:parameter xd:name="CONST_VAL" xd:value="0"/>
  </xd:instance>
  <xd:connection>
    <xd:port xd:name="dout" xd:instanceRef="sds_irq_const"/>
    <xd:port xd:name="xlconcat_0_In0" xd:instanceRef="pynq_z2"/>
    <xd:port xd:name="xlconcat_0_In1" xd:instanceRef="pynq_z2"/>
    <xd:port xd:name="xlconcat_0_In2" xd:instanceRef="pynq_z2"/>
    <xd:port xd:name="xlconcat_0_In3" xd:instanceRef="pynq_z2"/>
    <xd:port xd:name="xlconcat_0_In4" xd:instanceRef="pynq_z2"/>
    <xd:port xd:name="xlconcat_0_In5" xd:instanceRef="pynq_z2"/>
    <xd:port xd:name="xlconcat_0_In6" xd:instanceRef="pynq_z2"/>
    <xd:port xd:name="xlconcat_0_In7" xd:instanceRef="pynq_z2"/>
    <xd:port xd:name="xlconcat_0_In8" xd:instanceRef="pynq_z2"/>
    <xd:port xd:name="xlconcat_0_In9" xd:instanceRef="pynq_z2"/>
    <xd:port xd:name="xlconcat_0_In10" xd:instanceRef="pynq_z2"/>
    <xd:port xd:name="xlconcat_0_In11" xd:instanceRef="pynq_z2"/>
    <xd:port xd:name="xlconcat_0_In12" xd:instanceRef="pynq_z2"/>
    <xd:port xd:name="xlconcat_0_In13" xd:instanceRef="pynq_z2"/>
    <xd:port xd:name="xlconcat_0_In14" xd:instanceRef="pynq_z2"/>
    <xd:port xd:name="xlconcat_0_In15" xd:instanceRef="pynq_z2"/>
  </xd:connection>
</xd:component>
