<?xml version="1.0" encoding="UTF-8"?>
<xd:repository xmlns:xd="http://www.xilinx.com/xd" xd:vendor="xilinx.com" xd:library="ip" xd:name="Trace_Monitor" xd:version="3.0">
    <xd:component xd:vendor="xilinx.com" xd:library="ip" xd:name="Trace_Monitor" xd:version="3.0">
        <xd:busInterface xd:name="trace_resetn" xd:busTypeRef="reset" xd:mode="slave" xd:direction="in" xd:clockPort="trace_clk" xd:library="signal" xd:port="trace_resetn"/>
        <xd:busInterface xd:name="axi_lite_resetn" xd:busTypeRef="reset" xd:mode="slave" xd:direction="in" xd:clockPort="axi_lite_clk" xd:library="signal" xd:port="axi_lite_resetn"/>
        <xd:busInterface xd:name="trace_rst" xd:busTypeRef="reset" xd:mode="master" xd:direction="out" xd:library="signal" xd:port="trace_rstn"/>
        <xd:busInterface xd:name="trace_clk" xd:busTypeRef="clock" xd:mode="slave" xd:direction="in" xd:library="signal" xd:port="trace_clk"/>
        <xd:busInterface xd:name="axi_lite_clk" xd:busTypeRef="clock" xd:mode="slave" xd:direction="in" xd:library="signal" xd:port="axi_lite_clk"/>
        <xd:busInterface xd:name="S_AXI" xd:busTypeRef="aximm" xd:mode="slave" xd:clockRef="axi_lite_clk" xd:resetRef="axi_lite_resetn"/>
        <xd:busInterface xd:name="M_AXIS" xd:busTypeRef="axis" xd:mode="master" xd:direction="out" xd:hasTlast="false" xd:clockRef="trace_clk" xd:resetRef="trace_resetn"/>
        <xd:busInterface xd:name="TRACE_0" xd:busTypeRef="sdsoc_trace" xd:mode="slave"/>
        <xd:busInterface xd:name="TRACE_1" xd:busTypeRef="sdsoc_trace" xd:mode="slave"/>
        <xd:busInterface xd:name="TRACE_2" xd:busTypeRef="sdsoc_trace" xd:mode="slave"/>
        <xd:busInterface xd:name="TRACE_3" xd:busTypeRef="sdsoc_trace" xd:mode="slave"/>
        <xd:busInterface xd:name="TRACE_4" xd:busTypeRef="sdsoc_trace" xd:mode="slave"/>
        <xd:busInterface xd:name="TRACE_5" xd:busTypeRef="sdsoc_trace" xd:mode="slave"/>
        <xd:busInterface xd:name="TRACE_6" xd:busTypeRef="sdsoc_trace" xd:mode="slave"/>
        <xd:busInterface xd:name="TRACE_7" xd:busTypeRef="sdsoc_trace" xd:mode="slave"/>
        <xd:busInterface xd:name="TRACE_8" xd:busTypeRef="sdsoc_trace" xd:mode="slave"/>
        <xd:busInterface xd:name="TRACE_9" xd:busTypeRef="sdsoc_trace" xd:mode="slave"/>
        <xd:busInterface xd:name="TRACE_10" xd:busTypeRef="sdsoc_trace" xd:mode="slave"/>
        <xd:busInterface xd:name="TRACE_11" xd:busTypeRef="sdsoc_trace" xd:mode="slave"/>
        <xd:busInterface xd:name="TRACE_12" xd:busTypeRef="sdsoc_trace" xd:mode="slave"/>
        <xd:busInterface xd:name="TRACE_13" xd:busTypeRef="sdsoc_trace" xd:mode="slave"/>
        <xd:busInterface xd:name="TRACE_14" xd:busTypeRef="sdsoc_trace" xd:mode="slave"/>
        <xd:busInterface xd:name="TRACE_15" xd:busTypeRef="sdsoc_trace" xd:mode="slave"/>
        <xd:busInterface xd:name="TRACE_16" xd:busTypeRef="sdsoc_trace" xd:mode="slave"/>
        <xd:busInterface xd:name="TRACE_17" xd:busTypeRef="sdsoc_trace" xd:mode="slave"/>
        <xd:busInterface xd:name="TRACE_18" xd:busTypeRef="sdsoc_trace" xd:mode="slave"/>
        <xd:busInterface xd:name="TRACE_19" xd:busTypeRef="sdsoc_trace" xd:mode="slave"/>
        <xd:busInterface xd:name="TRACE_20" xd:busTypeRef="sdsoc_trace" xd:mode="slave"/>
        <xd:busInterface xd:name="TRACE_21" xd:busTypeRef="sdsoc_trace" xd:mode="slave"/>
        <xd:busInterface xd:name="TRACE_22" xd:busTypeRef="sdsoc_trace" xd:mode="slave"/>
        <xd:busInterface xd:name="TRACE_23" xd:busTypeRef="sdsoc_trace" xd:mode="slave"/>
        <xd:busInterface xd:name="TRACE_24" xd:busTypeRef="sdsoc_trace" xd:mode="slave"/>
        <xd:busInterface xd:name="TRACE_25" xd:busTypeRef="sdsoc_trace" xd:mode="slave"/>
        <xd:busInterface xd:name="TRACE_26" xd:busTypeRef="sdsoc_trace" xd:mode="slave"/>
        <xd:busInterface xd:name="TRACE_27" xd:busTypeRef="sdsoc_trace" xd:mode="slave"/>
        <xd:busInterface xd:name="TRACE_28" xd:busTypeRef="sdsoc_trace" xd:mode="slave"/>
        <xd:busInterface xd:name="TRACE_29" xd:busTypeRef="sdsoc_trace" xd:mode="slave"/>
        <xd:busInterface xd:name="TRACE_30" xd:busTypeRef="sdsoc_trace" xd:mode="slave"/>
        <xd:busInterface xd:name="TRACE_31" xd:busTypeRef="sdsoc_trace" xd:mode="slave"/>
        <xd:busInterface xd:name="TRACE_32" xd:busTypeRef="sdsoc_trace" xd:mode="slave"/>
        <xd:busInterface xd:name="TRACE_33" xd:busTypeRef="sdsoc_trace" xd:mode="slave"/>
        <xd:busInterface xd:name="TRACE_34" xd:busTypeRef="sdsoc_trace" xd:mode="slave"/>
        <xd:busInterface xd:name="TRACE_35" xd:busTypeRef="sdsoc_trace" xd:mode="slave"/>
        <xd:busInterface xd:name="TRACE_36" xd:busTypeRef="sdsoc_trace" xd:mode="slave"/>
        <xd:busInterface xd:name="TRACE_37" xd:busTypeRef="sdsoc_trace" xd:mode="slave"/>
        <xd:busInterface xd:name="TRACE_38" xd:busTypeRef="sdsoc_trace" xd:mode="slave"/>
        <xd:busInterface xd:name="TRACE_39" xd:busTypeRef="sdsoc_trace" xd:mode="slave"/>
        <xd:busInterface xd:name="TRACE_40" xd:busTypeRef="sdsoc_trace" xd:mode="slave"/>
        <xd:busInterface xd:name="TRACE_41" xd:busTypeRef="sdsoc_trace" xd:mode="slave"/>
        <xd:busInterface xd:name="TRACE_42" xd:busTypeRef="sdsoc_trace" xd:mode="slave"/>
        <xd:busInterface xd:name="TRACE_43" xd:busTypeRef="sdsoc_trace" xd:mode="slave"/>
        <xd:busInterface xd:name="TRACE_44" xd:busTypeRef="sdsoc_trace" xd:mode="slave"/>
        <xd:busInterface xd:name="TRACE_45" xd:busTypeRef="sdsoc_trace" xd:mode="slave"/>
        <xd:busInterface xd:name="TRACE_46" xd:busTypeRef="sdsoc_trace" xd:mode="slave"/>
        <xd:busInterface xd:name="TRACE_47" xd:busTypeRef="sdsoc_trace" xd:mode="slave"/>
        <xd:busInterface xd:name="TRACE_48" xd:busTypeRef="sdsoc_trace" xd:mode="slave"/>
        <xd:busInterface xd:name="TRACE_49" xd:busTypeRef="sdsoc_trace" xd:mode="slave"/>
        <xd:busInterface xd:name="TRACE_50" xd:busTypeRef="sdsoc_trace" xd:mode="slave"/>
        <xd:busInterface xd:name="TRACE_51" xd:busTypeRef="sdsoc_trace" xd:mode="slave"/>
        <xd:busInterface xd:name="TRACE_52" xd:busTypeRef="sdsoc_trace" xd:mode="slave"/>
        <xd:busInterface xd:name="TRACE_53" xd:busTypeRef="sdsoc_trace" xd:mode="slave"/>
        <xd:busInterface xd:name="TRACE_54" xd:busTypeRef="sdsoc_trace" xd:mode="slave"/>
        <xd:busInterface xd:name="TRACE_55" xd:busTypeRef="sdsoc_trace" xd:mode="slave"/>
        <xd:busInterface xd:name="TRACE_56" xd:busTypeRef="sdsoc_trace" xd:mode="slave"/>
        <xd:busInterface xd:name="TRACE_57" xd:busTypeRef="sdsoc_trace" xd:mode="slave"/>
        <xd:busInterface xd:name="TRACE_58" xd:busTypeRef="sdsoc_trace" xd:mode="slave"/>
        <xd:busInterface xd:name="TRACE_59" xd:busTypeRef="sdsoc_trace" xd:mode="slave"/>
        <xd:busInterface xd:name="TRACE_60" xd:busTypeRef="sdsoc_trace" xd:mode="slave"/>
        <xd:busInterface xd:name="TRACE_61" xd:busTypeRef="sdsoc_trace" xd:mode="slave"/>
        <xd:busInterface xd:name="TRACE_62" xd:busTypeRef="sdsoc_trace" xd:mode="slave"/>
    </xd:component>
</xd:repository>
