<?xml version="1.0" encoding="UTF-8"?>
<xd:repository xmlns:xd="http://www.xilinx.com/xd" xd:vendor="xilinx.com" xd:library="ip" xd:name="Trace_Monitor_ScatterGather_Counter" xd:version="1.0">
    <xd:component xd:vendor="xilinx.com" xd:library="ip" xd:name="Trace_Monitor_ScatterGather_Counter" xd:version="1.0">
        <xd:busInterface xd:name="DMA_AXI_S_LITE" xd:busTypeRef="aximm" xd:mode="slave" xd:clockRef="axi_lite_clk" xd:resetRef="resetn"/>
        <xd:busInterface xd:name="resetn" xd:busTypeRef="reset" xd:mode="slave" xd:direction="in" xd:clockPort="axi_lite_clk" xd:library="signal" xd:port="resetn"/>
        <xd:busInterface xd:name="DMA_M_AXI_MM2S" xd:busTypeRef="aximm" xd:mode="slave" xd:clockRef="" xd:resetRef=""/>
        <xd:busInterface xd:name="DMA_M_AXI_S2MM" xd:busTypeRef="aximm" xd:mode="slave" xd:clockRef="" xd:resetRef=""/>
        <xd:busInterface xd:name="DMA_M_AXI_SG" xd:busTypeRef="aximm" xd:mode="slave" xd:clockRef="" xd:resetRef=""/>
        <xd:busInterface xd:name="S_AXI" xd:busTypeRef="aximm" xd:mode="slave" xd:dataWidth="32" xd:clockRef="axi_lite_clk" xd:resetRef="resetn"/>
        <xd:busInterface xd:name="TRACE_OUT" xd:busTypeRef="sdsoc_trace" xd:mode="master"/>
        <xd:busInterface xd:name="axi_lite_clk" xd:busTypeRef="clock" xd:mode="slave" xd:direction="in" xd:library="signal" xd:port="axi_lite_clk"/>
        <xd:busInterface xd:name="axi_sg_clk" xd:busTypeRef="clock" xd:mode="slave" xd:direction="in" xd:library="signal" xd:port="axi_sg_clk"/>
        <xd:busInterface xd:name="axi_mm2s_clk" xd:busTypeRef="clock" xd:mode="slave" xd:direction="in" xd:library="signal" xd:port="axi_mm2s_clk"/>
        <xd:busInterface xd:name="axi_s2mm_clk" xd:busTypeRef="clock" xd:mode="slave" xd:direction="in" xd:library="signal" xd:port="axi_s2mm_clk"/>
        <xd:busInterface xd:name="trace_clk" xd:busTypeRef="clock" xd:mode="slave" xd:direction="in" xd:library="signal" xd:port="trace_clk"/>
    </xd:component>
</xd:repository>
