<?xml version="1.0" encoding="UTF-8"?>
<xd:component xmlns:xd="http://www.xilinx.com/xd" xd:vendor="xilinx.com" xd:library="xd" xd:name="top" xd:version="1.00" xd:type="design">
  <xd:repository>
    <xd:file xd:name="xd_ip_db.xml"/>
  </xd:repository>
  <xd:instance xd:componentVdr="xilinx.com" xd:componentLib="pynq_z1" xd:componentVer="1.0" xd:componentType="platform" xd:name="pynq_z1" xd:componentRef="pynq_z1">
    <xd:parameter xd:name="PCW_USE_M_AXI_GP0" xd:value="1" xd:instanceRef="ps7_0"/>
    <xd:parameter xd:name="PCW_USE_S_AXI_ACP" xd:value="1" xd:instanceRef="ps7_0"/>
    <xd:parameter xd:name="PCW_USE_DEFAULT_ACP_USER_VAL" xd:value="1" xd:instanceRef="ps7_0"/>
    <xd:parameter xd:name="NUM_PORTS" xd:value="16" xd:instanceRef="xlconcat_0"/>
  </xd:instance>
  <xd:instance xd:componentVdr="xilinx.com" xd:componentLib="ip" xd:componentVer="7.1" xd:componentType="datamover" xd:name="dm_0" xd:componentRef="axi_dma">
    <xd:parameter xd:name="C_DLYTMR_RESOLUTION" xd:value="1250"/>
    <xd:parameter xd:name="C_SG_LENGTH_WIDTH" xd:value="26"/>
    <xd:parameter xd:name="C_INCLUDE_SG" xd:value="1"/>
    <xd:parameter xd:name="C_SG_USE_STSAPP_LENGTH" xd:value="0"/>
    <xd:parameter xd:name="C_SG_INCLUDE_STSCNTRL_STRM" xd:value="1"/>
    <xd:parameter xd:name="C_INCLUDE_MM2S" xd:value="1"/>
    <xd:parameter xd:name="C_INCLUDE_S2MM" xd:value="1"/>
    <xd:parameter xd:name="C_INCLUDE_MM2S_SF" xd:value="1"/>
    <xd:parameter xd:name="C_INCLUDE_MM2S_DRE" xd:value="1"/>
    <xd:parameter xd:name="C_MM2S_BURST_SIZE" xd:value="64"/>
    <xd:parameter xd:name="C_M_AXI_MM2S_DATA_WIDTH" xd:value="64"/>
    <xd:parameter xd:name="C_M_AXIS_MM2S_TDATA_WIDTH" xd:value="64"/>
    <xd:parameter xd:name="C_INCLUDE_S2MM_SF" xd:value="1"/>
    <xd:parameter xd:name="C_INCLUDE_S2MM_DRE" xd:value="1"/>
    <xd:parameter xd:name="C_S2MM_BURST_SIZE" xd:value="64"/>
    <xd:parameter xd:name="C_M_AXI_S2MM_DATA_WIDTH" xd:value="64"/>
    <xd:parameter xd:name="C_S_AXIS_S2MM_TDATA_WIDTH" xd:value="64"/>
  </xd:instance>
  <xd:instance xd:componentVdr="xilinx.com" xd:componentLib="hls" xd:componentVer="1.0" xd:componentType="accelerator" xd:name="dataflow_1" xd:componentRef="dataflow"/>
  <xd:instance xd:componentVdr="xilinx.com" xd:componentLib="ip" xd:componentVer="1.0" xd:name="dataflow_1_if" xd:componentRef="adapter_v3_0">
    <xd:parameter xd:name="S_AXIS_FIFO_0_WIDTH" xd:value="16"/>
    <xd:parameter xd:name="S_AXIS_FIFO_0_BYTE_WIDTH" xd:value="16"/>
    <xd:parameter xd:name="S_AXIS_FIFO_0_DMWIDTH" xd:value="16"/>
    <xd:parameter xd:name="S_AXIS_FIFO_0_DEPTH" xd:value="1024"/>
    <xd:parameter xd:name="M_AXIS_FIFO_0_WIDTH" xd:value="16"/>
    <xd:parameter xd:name="M_AXIS_FIFO_0_BYTE_WIDTH" xd:value="16"/>
    <xd:parameter xd:name="M_AXIS_FIFO_0_DMWIDTH" xd:value="16"/>
    <xd:parameter xd:name="M_AXIS_FIFO_0_DEPTH" xd:value="1024"/>
    <xd:parameter xd:name="C_NUM_INPUT_FIFOs" xd:value="1"/>
    <xd:parameter xd:name="C_NUM_OUTPUT_FIFOs" xd:value="1"/>
  </xd:instance>
  <xd:instance xd:componentVdr="xilinx.com" xd:componentLib="ip" xd:componentVer="2.1" xd:componentType="interconnect" xd:name="axi_ic_ps7_0_M_AXI_GP0" xd:componentRef="axi_interconnect">
    <xd:parameter xd:name="NUM_MI" xd:value="2"/>
    <xd:parameter xd:name="NUM_SI" xd:value="1"/>
    <xd:parameter xd:name="STRATEGY" xd:value="2"/>
    <xd:parameter xd:name="M00_HAS_REGSLICE" xd:value="1"/>
    <xd:parameter xd:name="M01_HAS_REGSLICE" xd:value="1"/>
    <xd:parameter xd:name="S00_HAS_REGSLICE" xd:value="1"/>
  </xd:instance>
  <xd:instance xd:componentVdr="xilinx.com" xd:componentLib="ip" xd:componentVer="2.1" xd:componentType="interconnect" xd:name="axi_ic_ps7_0_S_AXI_ACP" xd:componentRef="axi_interconnect">
    <xd:parameter xd:name="NUM_MI" xd:value="1"/>
    <xd:parameter xd:name="NUM_SI" xd:value="3"/>
    <xd:parameter xd:name="STRATEGY" xd:value="2"/>
    <xd:parameter xd:name="M00_HAS_REGSLICE" xd:value="1"/>
    <xd:parameter xd:name="M00_HAS_DATA_FIFO" xd:value="2"/>
    <xd:parameter xd:name="S00_HAS_REGSLICE" xd:value="1"/>
    <xd:parameter xd:name="S00_HAS_DATA_FIFO" xd:value="2"/>
    <xd:parameter xd:name="S01_HAS_REGSLICE" xd:value="1"/>
    <xd:parameter xd:name="S01_HAS_DATA_FIFO" xd:value="2"/>
    <xd:parameter xd:name="S02_HAS_REGSLICE" xd:value="1"/>
    <xd:parameter xd:name="S02_HAS_DATA_FIFO" xd:value="2"/>
  </xd:instance>
  <xd:instance xd:componentVdr="xilinx.com" xd:componentLib="ip" xd:componentVer="1.0" xd:name="sgdma2axis_dm_0" xd:componentRef="sgdma2axis_ic"/>
  <xd:instance xd:componentVdr="xilinx.com" xd:componentLib="ip" xd:componentVer="2.1" xd:componentType="interconnect" xd:name="axis_ic_dm_0" xd:componentRef="axis_interconnect">
    <xd:parameter xd:name="NUM_MI" xd:value="1"/>
    <xd:parameter xd:name="NUM_SI" xd:value="1"/>
    <xd:parameter xd:name="S00_HAS_REGSLICE" xd:value="1"/>
    <xd:parameter xd:name="M00_HAS_REGSLICE" xd:value="1"/>
  </xd:instance>
  <xd:instance xd:componentVdr="xilinx.com" xd:componentLib="ip" xd:componentVer="1.0" xd:name="axis2sgdma_dm_0" xd:componentRef="axis_ic2sgdma"/>
  <xd:instance xd:componentVdr="xilinx.com" xd:componentLib="ip" xd:componentVer="1.1" xd:name="axis_dwc_dm_0_tx_0" xd:componentRef="axis_dwidth_converter">
    <xd:parameter xd:name="M_TDATA_NUM_BYTES" xd:value="2"/>
    <xd:parameter xd:name="S_TDATA_NUM_BYTES" xd:value="8"/>
  </xd:instance>
  <xd:instance xd:componentVdr="xilinx.com" xd:componentLib="ip" xd:componentVer="1.1" xd:name="axis_dwc_dm_0_rx_0" xd:componentRef="axis_dwidth_converter">
    <xd:parameter xd:name="M_TDATA_NUM_BYTES" xd:value="8"/>
    <xd:parameter xd:name="S_TDATA_NUM_BYTES" xd:value="2"/>
  </xd:instance>
  <xd:instance xd:componentVdr="xilinx.com" xd:componentLib="ip" xd:componentVer="1.1" xd:name="sds_irq_const" xd:componentRef="xlconstant">
    <xd:parameter xd:name="CONST_WIDTH" xd:value="1"/>
    <xd:parameter xd:name="CONST_VAL" xd:value="0"/>
  </xd:instance>
  <xd:instance xd:componentVdr="xilinx.com" xd:componentLib="ip" xd:componentVer="1.1" xd:name="axcache_0xE" xd:componentRef="xlconstant">
    <xd:parameter xd:name="CONST_WIDTH" xd:value="4"/>
    <xd:parameter xd:name="CONST_VAL" xd:value="14"/>
  </xd:instance>
  <xd:instance xd:componentVdr="xilinx.com" xd:componentLib="ip" xd:componentVer="1.1" xd:name="axcache_0x2" xd:componentRef="xlconstant">
    <xd:parameter xd:name="CONST_WIDTH" xd:value="4"/>
    <xd:parameter xd:name="CONST_VAL" xd:value="2"/>
  </xd:instance>
  <xd:connection>
    <xd:port xd:name="ap_clk" xd:instanceRef="dataflow_1_if"/>
    <xd:port xd:name="ap_clk" xd:instanceRef="dataflow_1"/>
  </xd:connection>
  <xd:connection>
    <xd:port xd:name="ap_resetn" xd:instanceRef="dataflow_1_if"/>
    <xd:port xd:name="ap_rst_n" xd:instanceRef="dataflow_1"/>
  </xd:connection>
  <xd:connection>
    <xd:busInterface xd:name="ap_ctrl" xd:instanceRef="dataflow_1_if"/>
    <xd:busInterface xd:name="ap_ctrl" xd:instanceRef="dataflow_1"/>
  </xd:connection>
  <xd:connection>
    <xd:busInterface xd:name="a" xd:instanceRef="dataflow_1"/>
    <xd:busInterface xd:name="AP_FIFO_IARG_0" xd:instanceRef="dataflow_1_if"/>
  </xd:connection>
  <xd:connection>
    <xd:busInterface xd:name="b" xd:instanceRef="dataflow_1"/>
    <xd:busInterface xd:name="AP_FIFO_OARG_0" xd:instanceRef="dataflow_1_if"/>
  </xd:connection>
  <xd:connection>
    <xd:busInterface xd:name="ps7_0_M_AXI_GP0" xd:instanceRef="pynq_z1" xd:componentRef="processing_system7"/>
    <xd:busInterface xd:name="S00_AXI" xd:instanceRef="axi_ic_ps7_0_M_AXI_GP0"/>
  </xd:connection>
  <xd:connection>
    <xd:busInterface xd:name="M00_AXI" xd:instanceRef="axi_ic_ps7_0_S_AXI_ACP"/>
    <xd:busInterface xd:name="ps7_0_S_AXI_ACP" xd:instanceRef="pynq_z1" xd:componentRef="processing_system7"/>
  </xd:connection>
  <xd:connection>
    <xd:busInterface xd:name="M_AXIS_DATA" xd:instanceRef="sgdma2axis_dm_0"/>
    <xd:busInterface xd:name="S00_AXIS" xd:instanceRef="axis_ic_dm_0"/>
  </xd:connection>
  <xd:connection>
    <xd:busInterface xd:name="M00_AXI" xd:instanceRef="axi_ic_ps7_0_M_AXI_GP0"/>
    <xd:busInterface xd:name="S_AXI" xd:instanceRef="dataflow_1_if"/>
  </xd:connection>
  <xd:connection>
    <xd:busInterface xd:name="M01_AXI" xd:instanceRef="axi_ic_ps7_0_M_AXI_GP0"/>
    <xd:busInterface xd:name="S_AXI_LITE" xd:instanceRef="dm_0"/>
  </xd:connection>
  <xd:connection>
    <xd:busInterface xd:name="M_AXI_MM2S" xd:instanceRef="dm_0"/>
    <xd:busInterface xd:name="S00_AXI" xd:instanceRef="axi_ic_ps7_0_S_AXI_ACP"/>
  </xd:connection>
  <xd:connection>
    <xd:busInterface xd:name="M_AXI_S2MM" xd:instanceRef="dm_0"/>
    <xd:busInterface xd:name="S01_AXI" xd:instanceRef="axi_ic_ps7_0_S_AXI_ACP"/>
  </xd:connection>
  <xd:connection>
    <xd:busInterface xd:name="M_AXI_SG" xd:instanceRef="dm_0"/>
    <xd:busInterface xd:name="S02_AXI" xd:instanceRef="axi_ic_ps7_0_S_AXI_ACP"/>
  </xd:connection>
  <xd:connection>
    <xd:busInterface xd:name="M_AXIS_MM2S" xd:instanceRef="dm_0"/>
    <xd:busInterface xd:name="S_AXIS_DATA" xd:instanceRef="sgdma2axis_dm_0"/>
  </xd:connection>
  <xd:connection>
    <xd:busInterface xd:name="M_AXIS_CNTRL" xd:instanceRef="dm_0"/>
    <xd:busInterface xd:name="S_AXIS_CTRL" xd:instanceRef="sgdma2axis_dm_0"/>
  </xd:connection>
  <xd:connection>
    <xd:busInterface xd:name="M00_AXIS" xd:instanceRef="axis_ic_dm_0"/>
    <xd:busInterface xd:name="S_AXIS" xd:instanceRef="axis_dwc_dm_0_tx_0"/>
  </xd:connection>
  <xd:connection>
    <xd:busInterface xd:name="M_AXIS" xd:instanceRef="axis_dwc_dm_0_tx_0"/>
    <xd:busInterface xd:name="S_AXIS_FIFO_0" xd:instanceRef="dataflow_1_if"/>
  </xd:connection>
  <xd:connection>
    <xd:busInterface xd:name="M_AXIS_STATUS" xd:instanceRef="axis2sgdma_dm_0"/>
    <xd:busInterface xd:name="S_AXIS_STS" xd:instanceRef="dm_0"/>
  </xd:connection>
  <xd:connection>
    <xd:busInterface xd:name="M_AXIS_DATA" xd:instanceRef="axis2sgdma_dm_0"/>
    <xd:busInterface xd:name="S_AXIS_S2MM" xd:instanceRef="dm_0"/>
  </xd:connection>
  <xd:connection>
    <xd:busInterface xd:name="M_AXIS" xd:instanceRef="axis_dwc_dm_0_rx_0"/>
    <xd:busInterface xd:name="S_AXIS_DATA" xd:instanceRef="axis2sgdma_dm_0"/>
  </xd:connection>
  <xd:connection>
    <xd:busInterface xd:name="M_AXIS_FIFO_0" xd:instanceRef="dataflow_1_if"/>
    <xd:busInterface xd:name="S_AXIS" xd:instanceRef="axis_dwc_dm_0_rx_0"/>
  </xd:connection>
  <xd:connection>
    <xd:port xd:name="clk_wiz_0_clk_out1" xd:instanceRef="pynq_z1"/>
    <xd:port xd:name="ps7_0_M_AXI_GP0_ACLK" xd:instanceRef="pynq_z1"/>
    <xd:port xd:name="ps7_0_S_AXI_ACP_ACLK" xd:instanceRef="pynq_z1"/>
    <xd:port xd:name="s_axi_lite_aclk" xd:instanceRef="dm_0"/>
    <xd:port xd:name="m_axi_sg_aclk" xd:instanceRef="dm_0"/>
    <xd:port xd:name="m_axi_mm2s_aclk" xd:instanceRef="dm_0"/>
    <xd:port xd:name="m_axi_s2mm_aclk" xd:instanceRef="dm_0"/>
    <xd:port xd:name="s_axi_aclk" xd:instanceRef="dataflow_1_if"/>
    <xd:port xd:name="s_axis_fifo_0_aclk" xd:instanceRef="dataflow_1_if"/>
    <xd:port xd:name="m_axis_fifo_0_aclk" xd:instanceRef="dataflow_1_if"/>
    <xd:port xd:name="acc_aclk" xd:instanceRef="dataflow_1_if"/>
    <xd:port xd:name="S00_ACLK" xd:instanceRef="axi_ic_ps7_0_M_AXI_GP0"/>
    <xd:port xd:name="M00_ACLK" xd:instanceRef="axi_ic_ps7_0_M_AXI_GP0"/>
    <xd:port xd:name="M01_ACLK" xd:instanceRef="axi_ic_ps7_0_M_AXI_GP0"/>
    <xd:port xd:name="ACLK" xd:instanceRef="axi_ic_ps7_0_M_AXI_GP0"/>
    <xd:port xd:name="S00_ACLK" xd:instanceRef="axi_ic_ps7_0_S_AXI_ACP"/>
    <xd:port xd:name="S01_ACLK" xd:instanceRef="axi_ic_ps7_0_S_AXI_ACP"/>
    <xd:port xd:name="S02_ACLK" xd:instanceRef="axi_ic_ps7_0_S_AXI_ACP"/>
    <xd:port xd:name="clk" xd:instanceRef="sgdma2axis_dm_0"/>
    <xd:port xd:name="ACLK" xd:instanceRef="axis_ic_dm_0"/>
    <xd:port xd:name="S00_AXIS_ACLK" xd:instanceRef="axis_ic_dm_0"/>
    <xd:port xd:name="M00_AXIS_ACLK" xd:instanceRef="axis_ic_dm_0"/>
    <xd:port xd:name="clk" xd:instanceRef="axis2sgdma_dm_0"/>
    <xd:port xd:name="aclk" xd:instanceRef="axis_dwc_dm_0_tx_0"/>
    <xd:port xd:name="aclk" xd:instanceRef="axis_dwc_dm_0_rx_0"/>
    <xd:port xd:name="ACLK" xd:instanceRef="axi_ic_ps7_0_S_AXI_ACP"/>
    <xd:port xd:name="M00_ACLK" xd:instanceRef="axi_ic_ps7_0_S_AXI_ACP"/>
  </xd:connection>
  <xd:connection>
    <xd:port xd:name="proc_sys_reset_0_interconnect_aresetn" xd:instanceRef="pynq_z1"/>
    <xd:port xd:name="S00_ARESETN" xd:instanceRef="axi_ic_ps7_0_M_AXI_GP0"/>
    <xd:port xd:name="M00_ARESETN" xd:instanceRef="axi_ic_ps7_0_M_AXI_GP0"/>
    <xd:port xd:name="M01_ARESETN" xd:instanceRef="axi_ic_ps7_0_M_AXI_GP0"/>
    <xd:port xd:name="ARESETN" xd:instanceRef="axi_ic_ps7_0_M_AXI_GP0"/>
    <xd:port xd:name="M00_ARESETN" xd:instanceRef="axi_ic_ps7_0_S_AXI_ACP"/>
    <xd:port xd:name="S00_ARESETN" xd:instanceRef="axi_ic_ps7_0_S_AXI_ACP"/>
    <xd:port xd:name="S01_ARESETN" xd:instanceRef="axi_ic_ps7_0_S_AXI_ACP"/>
    <xd:port xd:name="S02_ARESETN" xd:instanceRef="axi_ic_ps7_0_S_AXI_ACP"/>
    <xd:port xd:name="ARESETN" xd:instanceRef="axis_ic_dm_0"/>
    <xd:port xd:name="S00_AXIS_ARESETN" xd:instanceRef="axis_ic_dm_0"/>
    <xd:port xd:name="M00_AXIS_ARESETN" xd:instanceRef="axis_ic_dm_0"/>
    <xd:port xd:name="ARESETN" xd:instanceRef="axi_ic_ps7_0_S_AXI_ACP"/>
  </xd:connection>
  <xd:connection>
    <xd:port xd:name="proc_sys_reset_0_peripheral_aresetn" xd:instanceRef="pynq_z1"/>
    <xd:port xd:name="axi_resetn" xd:instanceRef="dm_0"/>
    <xd:port xd:name="mm2s_prmry_resetn_out_n" xd:instanceRef="dm_0"/>
    <xd:port xd:name="s2mm_prmry_resetn_out_n" xd:instanceRef="dm_0"/>
    <xd:port xd:name="s_axi_aresetn" xd:instanceRef="dataflow_1_if"/>
    <xd:port xd:name="s_axis_fifo_0_aresetn" xd:instanceRef="dataflow_1_if"/>
    <xd:port xd:name="m_axis_fifo_0_aresetn" xd:instanceRef="dataflow_1_if"/>
    <xd:port xd:name="acc_aresetn" xd:instanceRef="dataflow_1_if"/>
    <xd:port xd:name="arstn" xd:instanceRef="sgdma2axis_dm_0"/>
    <xd:port xd:name="arstn" xd:instanceRef="axis2sgdma_dm_0"/>
    <xd:port xd:name="aresetn" xd:instanceRef="axis_dwc_dm_0_tx_0"/>
    <xd:port xd:name="aresetn" xd:instanceRef="axis_dwc_dm_0_rx_0"/>
  </xd:connection>
  <xd:connection>
    <xd:port xd:name="mm2s_introut" xd:instanceRef="dm_0"/>
    <xd:port xd:name="xlconcat_0_In0" xd:instanceRef="pynq_z1"/>
  </xd:connection>
  <xd:connection>
    <xd:port xd:name="s2mm_introut" xd:instanceRef="dm_0"/>
    <xd:port xd:name="xlconcat_0_In1" xd:instanceRef="pynq_z1"/>
  </xd:connection>
  <xd:connection>
    <xd:port xd:name="dout" xd:instanceRef="sds_irq_const"/>
    <xd:port xd:name="xlconcat_0_In2" xd:instanceRef="pynq_z1"/>
    <xd:port xd:name="xlconcat_0_In3" xd:instanceRef="pynq_z1"/>
    <xd:port xd:name="xlconcat_0_In4" xd:instanceRef="pynq_z1"/>
    <xd:port xd:name="xlconcat_0_In5" xd:instanceRef="pynq_z1"/>
    <xd:port xd:name="xlconcat_0_In6" xd:instanceRef="pynq_z1"/>
    <xd:port xd:name="xlconcat_0_In7" xd:instanceRef="pynq_z1"/>
    <xd:port xd:name="xlconcat_0_In8" xd:instanceRef="pynq_z1"/>
    <xd:port xd:name="xlconcat_0_In9" xd:instanceRef="pynq_z1"/>
    <xd:port xd:name="xlconcat_0_In10" xd:instanceRef="pynq_z1"/>
    <xd:port xd:name="xlconcat_0_In11" xd:instanceRef="pynq_z1"/>
    <xd:port xd:name="xlconcat_0_In12" xd:instanceRef="pynq_z1"/>
    <xd:port xd:name="xlconcat_0_In13" xd:instanceRef="pynq_z1"/>
    <xd:port xd:name="xlconcat_0_In14" xd:instanceRef="pynq_z1"/>
    <xd:port xd:name="xlconcat_0_In15" xd:instanceRef="pynq_z1"/>
  </xd:connection>
  <xd:connection>
    <xd:port xd:name="dout" xd:instanceRef="axcache_0xE"/>
    <xd:port xd:name="S00_AXI_arcache" xd:instanceRef="axi_ic_ps7_0_S_AXI_ACP"/>
    <xd:port xd:name="S01_AXI_awcache" xd:instanceRef="axi_ic_ps7_0_S_AXI_ACP"/>
  </xd:connection>
  <xd:connection>
    <xd:port xd:name="dout" xd:instanceRef="axcache_0x2"/>
    <xd:port xd:name="S02_AXI_arcache" xd:instanceRef="axi_ic_ps7_0_S_AXI_ACP"/>
    <xd:port xd:name="S02_AXI_awcache" xd:instanceRef="axi_ic_ps7_0_S_AXI_ACP"/>
  </xd:connection>
</xd:component>
