<?xml version="1.0"?>
<cf:model cf:name="top" xmlns:cf="http://www.xilinx.com/connections" xd:type="design" xmlns:xd="http://www.xilinx.com/xidane">
  <xd:cluster xd:num_functions="2" xd:function_names="sobel_filter:SDSoC_lab_design_main.c:100 sharpen_filter:SDSoC_lab_design_main.c:93"  xd:latency="13521125">
    <xd:function xd:function_name="sobel_filter:SDSoC_lab_design_main.c:100" xd:accelerator_name="sobel_filter_1" xd:accelerator_latency="13497958">
      <xd:argument xd:argument_name="input" xd:argument_latency="1"/>
      <xd:argument xd:argument_name="output" xd:argument_latency="13517512"/>
    </xd:function>
    <xd:function xd:function_name="sharpen_filter:SDSoC_lab_design_main.c:93" xd:accelerator_name="sharpen_filter_1" xd:accelerator_latency="13497945">
      <xd:argument xd:argument_name="input" xd:argument_latency="3458136"/>
      <xd:argument xd:argument_name="output" xd:argument_latency="6"/>
    </xd:function>
  </xd:cluster>
</cf:model>
