<?xml version="1.0" encoding="UTF-8"?>
<xd:repository xd:vendor="xilinx.com" xd:library="xd" xd:name="xd_ip" xd:version="1.00.a"
               xmlns:xd="http://www.xilinx.com/xd" >
    
    <xd:component xd:vendor="xilinx.com" xd:library="ip" xd:name="hbm_memory_subsystem" xd:version="1.0" xd:type='interconnect'>
        <xd:busInterface xd:name="HBM_MEM00" xd:busTypeRef="aximm" xd:mode="slave" />
        <xd:busInterface xd:name="HBM_MEM01" xd:busTypeRef="aximm" xd:mode="slave" />
        <xd:busInterface xd:name="HBM_MEM02" xd:busTypeRef="aximm" xd:mode="slave" />
        <xd:busInterface xd:name="HBM_MEM03" xd:busTypeRef="aximm" xd:mode="slave" />
        <xd:busInterface xd:name="HBM_MEM04" xd:busTypeRef="aximm" xd:mode="slave" />
        <xd:busInterface xd:name="HBM_MEM05" xd:busTypeRef="aximm" xd:mode="slave" />
        <xd:busInterface xd:name="HBM_MEM06" xd:busTypeRef="aximm" xd:mode="slave" />
        <xd:busInterface xd:name="HBM_MEM07" xd:busTypeRef="aximm" xd:mode="slave" />
        <xd:busInterface xd:name="HBM_MEM08" xd:busTypeRef="aximm" xd:mode="slave" />
        <xd:busInterface xd:name="HBM_MEM09" xd:busTypeRef="aximm" xd:mode="slave" />
        <xd:busInterface xd:name="HBM_MEM10" xd:busTypeRef="aximm" xd:mode="slave" />
        <xd:busInterface xd:name="HBM_MEM11" xd:busTypeRef="aximm" xd:mode="slave" />
        <xd:busInterface xd:name="HBM_MEM12" xd:busTypeRef="aximm" xd:mode="slave" />
        <xd:busInterface xd:name="HBM_MEM13" xd:busTypeRef="aximm" xd:mode="slave" />
        <xd:busInterface xd:name="HBM_MEM14" xd:busTypeRef="aximm" xd:mode="slave" />
        <xd:busInterface xd:name="HBM_MEM15" xd:busTypeRef="aximm" xd:mode="slave" />
    </xd:component>
    
</xd:repository>
