<?xml version="1.0" encoding="UTF-8"?>
<xd:repository xd:vendor="xilinx.com" xd:library="xd" xd:name="xd_ip" xd:version="1.00.a"
               xmlns:xd="http://www.xilinx.com/xd" >
    
    <xd:component xd:vendor="xilinx.com" xd:library="ip" xd:name="smartconnect" xd:version="1.0" xd:type='interconnect'>
        <xd:busInterface xd:name="M00_AXI" xd:busTypeRef="aximm" xd:mode="master" />
        <xd:busInterface xd:name="M01_AXI" xd:busTypeRef="aximm" xd:mode="master" />
        <xd:busInterface xd:name="M02_AXI" xd:busTypeRef="aximm" xd:mode="master" />
        <xd:busInterface xd:name="M03_AXI" xd:busTypeRef="aximm" xd:mode="master" />
        <xd:busInterface xd:name="M04_AXI" xd:busTypeRef="aximm" xd:mode="master" />
        <xd:busInterface xd:name="M05_AXI" xd:busTypeRef="aximm" xd:mode="master" />
        <xd:busInterface xd:name="M06_AXI" xd:busTypeRef="aximm" xd:mode="master" />
        <xd:busInterface xd:name="M07_AXI" xd:busTypeRef="aximm" xd:mode="master" />
        <xd:busInterface xd:name="M08_AXI" xd:busTypeRef="aximm" xd:mode="master" />
        <xd:busInterface xd:name="M09_AXI" xd:busTypeRef="aximm" xd:mode="master" />
        <xd:busInterface xd:name="M10_AXI" xd:busTypeRef="aximm" xd:mode="master" />
        <xd:busInterface xd:name="M11_AXI" xd:busTypeRef="aximm" xd:mode="master" />
        <xd:busInterface xd:name="M12_AXI" xd:busTypeRef="aximm" xd:mode="master" />
        <xd:busInterface xd:name="M13_AXI" xd:busTypeRef="aximm" xd:mode="master" />
        <xd:busInterface xd:name="M14_AXI" xd:busTypeRef="aximm" xd:mode="master" />
        <xd:busInterface xd:name="M15_AXI" xd:busTypeRef="aximm" xd:mode="master" />
        
        <xd:busInterface xd:name="S00_AXI" xd:busTypeRef="aximm" xd:mode="slave"  />
        <xd:busInterface xd:name="S01_AXI" xd:busTypeRef="aximm" xd:mode="slave"  />
        <xd:busInterface xd:name="S02_AXI" xd:busTypeRef="aximm" xd:mode="slave"  />
        <xd:busInterface xd:name="S03_AXI" xd:busTypeRef="aximm" xd:mode="slave"  />
        <xd:busInterface xd:name="S04_AXI" xd:busTypeRef="aximm" xd:mode="slave"  />
        <xd:busInterface xd:name="S05_AXI" xd:busTypeRef="aximm" xd:mode="slave"  />
        <xd:busInterface xd:name="S06_AXI" xd:busTypeRef="aximm" xd:mode="slave"  />
        <xd:busInterface xd:name="S07_AXI" xd:busTypeRef="aximm" xd:mode="slave"  />
        <xd:busInterface xd:name="S08_AXI" xd:busTypeRef="aximm" xd:mode="slave"  />
        <xd:busInterface xd:name="S09_AXI" xd:busTypeRef="aximm" xd:mode="slave"  />
        <xd:busInterface xd:name="S10_AXI" xd:busTypeRef="aximm" xd:mode="slave"  />
        <xd:busInterface xd:name="S11_AXI" xd:busTypeRef="aximm" xd:mode="slave"  />
        <xd:busInterface xd:name="S12_AXI" xd:busTypeRef="aximm" xd:mode="slave"  />
        <xd:busInterface xd:name="S13_AXI" xd:busTypeRef="aximm" xd:mode="slave"  />
        <xd:busInterface xd:name="S14_AXI" xd:busTypeRef="aximm" xd:mode="slave"  />
        <xd:busInterface xd:name="S15_AXI" xd:busTypeRef="aximm" xd:mode="slave"  />
        
        <xd:busInterface xd:name="aclk" xd:busTypeRef="clock" xd:mode="slave" xd:direction="in" xd:library="signal"/>
        <xd:busInterface xd:name="aclk0" xd:busTypeRef="clock" xd:mode="slave" xd:direction="in" xd:library="signal"/>
        <xd:busInterface xd:name="aclk1" xd:busTypeRef="clock" xd:mode="slave" xd:direction="in" xd:library="signal"/>
        <xd:busInterface xd:name="aclk2" xd:busTypeRef="clock" xd:mode="slave" xd:direction="in" xd:library="signal"/>
        <xd:busInterface xd:name="aclk3" xd:busTypeRef="clock" xd:mode="slave" xd:direction="in" xd:library="signal"/>
        <xd:busInterface xd:name="aclk4" xd:busTypeRef="clock" xd:mode="slave" xd:direction="in" xd:library="signal"/>
        <xd:busInterface xd:name="aclk5" xd:busTypeRef="clock" xd:mode="slave" xd:direction="in" xd:library="signal"/>
        <xd:busInterface xd:name="aclk6" xd:busTypeRef="clock" xd:mode="slave" xd:direction="in" xd:library="signal"/>
        <xd:busInterface xd:name="aclk7" xd:busTypeRef="clock" xd:mode="slave" xd:direction="in" xd:library="signal"/>
        <xd:busInterface xd:name="aclk8" xd:busTypeRef="clock" xd:mode="slave" xd:direction="in" xd:library="signal"/>
        <xd:busInterface xd:name="aclk9" xd:busTypeRef="clock" xd:mode="slave" xd:direction="in" xd:library="signal"/>
        <xd:busInterface xd:name="aclk10" xd:busTypeRef="clock" xd:mode="slave" xd:direction="in" xd:library="signal"/>
        <xd:busInterface xd:name="aclk11" xd:busTypeRef="clock" xd:mode="slave" xd:direction="in" xd:library="signal"/>
        <xd:busInterface xd:name="aclk12" xd:busTypeRef="clock" xd:mode="slave" xd:direction="in" xd:library="signal"/>
        <xd:busInterface xd:name="aclk13" xd:busTypeRef="clock" xd:mode="slave" xd:direction="in" xd:library="signal"/>
        <xd:busInterface xd:name="aclk14" xd:busTypeRef="clock" xd:mode="slave" xd:direction="in" xd:library="signal"/>
        <xd:busInterface xd:name="aclk15" xd:busTypeRef="clock" xd:mode="slave" xd:direction="in" xd:library="signal"/>
        <xd:busInterface xd:name="aclk16" xd:busTypeRef="clock" xd:mode="slave" xd:direction="in" xd:library="signal"/>
        <xd:busInterface xd:name="aclk17" xd:busTypeRef="clock" xd:mode="slave" xd:direction="in" xd:library="signal"/>
        <xd:busInterface xd:name="aclk18" xd:busTypeRef="clock" xd:mode="slave" xd:direction="in" xd:library="signal"/>
        <xd:busInterface xd:name="aclk19" xd:busTypeRef="clock" xd:mode="slave" xd:direction="in" xd:library="signal"/>
        <xd:busInterface xd:name="aclk20" xd:busTypeRef="clock" xd:mode="slave" xd:direction="in" xd:library="signal"/>
        <xd:busInterface xd:name="aclk21" xd:busTypeRef="clock" xd:mode="slave" xd:direction="in" xd:library="signal"/>
        <xd:busInterface xd:name="aclk22" xd:busTypeRef="clock" xd:mode="slave" xd:direction="in" xd:library="signal"/>
        <xd:busInterface xd:name="aclk23" xd:busTypeRef="clock" xd:mode="slave" xd:direction="in" xd:library="signal"/>
        <xd:busInterface xd:name="aclk24" xd:busTypeRef="clock" xd:mode="slave" xd:direction="in" xd:library="signal"/>
        <xd:busInterface xd:name="aclk25" xd:busTypeRef="clock" xd:mode="slave" xd:direction="in" xd:library="signal"/>
        <xd:busInterface xd:name="aclk26" xd:busTypeRef="clock" xd:mode="slave" xd:direction="in" xd:library="signal"/>
        <xd:busInterface xd:name="aclk27" xd:busTypeRef="clock" xd:mode="slave" xd:direction="in" xd:library="signal"/>
        <xd:busInterface xd:name="aclk28" xd:busTypeRef="clock" xd:mode="slave" xd:direction="in" xd:library="signal"/>
        <xd:busInterface xd:name="aclk29" xd:busTypeRef="clock" xd:mode="slave" xd:direction="in" xd:library="signal"/>
        <xd:busInterface xd:name="aclk30" xd:busTypeRef="clock" xd:mode="slave" xd:direction="in" xd:library="signal"/>
        <xd:busInterface xd:name="aclk31" xd:busTypeRef="clock" xd:mode="slave" xd:direction="in" xd:library="signal"/>
        <xd:busInterface xd:name="aclk32" xd:busTypeRef="clock" xd:mode="slave" xd:direction="in" xd:library="signal"/>
        <xd:busInterface xd:name="aresetn" xd:busTypeRef="reset" xd:mode="slave" xd:direction="in" xd:library="signal"/>

        <xd:port xd:name="S00_AXI_arcache" xd:direction="in" xd:size="1"/>
        <xd:port xd:name="S00_AXI_awcache" xd:direction="in" xd:size="1"/>
        <xd:port xd:name="S01_AXI_arcache" xd:direction="in" xd:size="1"/>
        <xd:port xd:name="S01_AXI_awcache" xd:direction="in" xd:size="1"/>
        <xd:port xd:name="S02_AXI_arcache" xd:direction="in" xd:size="1"/>
        <xd:port xd:name="S02_AXI_awcache" xd:direction="in" xd:size="1"/>
        <xd:port xd:name="S03_AXI_arcache" xd:direction="in" xd:size="1"/>
        <xd:port xd:name="S03_AXI_awcache" xd:direction="in" xd:size="1"/>
        <xd:port xd:name="S04_AXI_arcache" xd:direction="in" xd:size="1"/>
        <xd:port xd:name="S04_AXI_awcache" xd:direction="in" xd:size="1"/>
        <xd:port xd:name="S05_AXI_arcache" xd:direction="in" xd:size="1"/>
        <xd:port xd:name="S05_AXI_awcache" xd:direction="in" xd:size="1"/>
        <xd:port xd:name="S06_AXI_arcache" xd:direction="in" xd:size="1"/>
        <xd:port xd:name="S06_AXI_awcache" xd:direction="in" xd:size="1"/>
        <xd:port xd:name="S07_AXI_arcache" xd:direction="in" xd:size="1"/>
        <xd:port xd:name="S07_AXI_awcache" xd:direction="in" xd:size="1"/>
    </xd:component>
    
</xd:repository>
