<?xml version="1.0" encoding="UTF-8"?>
<GenRun Id="impl_1" LaunchPart="xc7z020clg400-1" LaunchTime="1550777044">
  <File Type="BITSTR-BMM" Name="pynq_z2_wrapper_bd.bmm"/>
  <File Type="OPT-METHODOLOGY-DRC" Name="pynq_z2_wrapper_methodology_drc_opted.rpt"/>
  <File Type="INIT-TIMING" Name="pynq_z2_wrapper_timing_summary_init.rpt"/>
  <File Type="ROUTE-PWR" Name="pynq_z2_wrapper_power_routed.rpt"/>
  <File Type="PA-TCL" Name="pynq_z2_wrapper.tcl"/>
  <File Type="OPT-TIMING" Name="pynq_z2_wrapper_timing_summary_opted.rpt"/>
  <File Type="ROUTE-PWR-SUM" Name="pynq_z2_wrapper_power_summary_routed.pb"/>
  <File Type="REPORTS-TCL" Name="pynq_z2_wrapper_reports.tcl"/>
  <File Type="PWROPT-DRC" Name="pynq_z2_wrapper_drc_pwropted.rpt"/>
  <File Type="OPT-DRC" Name="pynq_z2_wrapper_drc_opted.rpt"/>
  <File Type="OPT-HWDEF" Name="pynq_z2_wrapper.hwdef"/>
  <File Type="BG-DRC" Name="pynq_z2_wrapper.drc"/>
  <File Type="PWROPT-TIMING" Name="pynq_z2_wrapper_timing_summary_pwropted.rpt"/>
  <File Type="PLACE-IO" Name="pynq_z2_wrapper_io_placed.rpt"/>
  <File Type="PLACE-CLK" Name="pynq_z2_wrapper_clock_utilization_placed.rpt"/>
  <File Type="PLACE-UTIL" Name="pynq_z2_wrapper_utilization_placed.rpt"/>
  <File Type="PLACE-UTIL-PB" Name="pynq_z2_wrapper_utilization_placed.pb"/>
  <File Type="PLACE-CTRL" Name="pynq_z2_wrapper_control_sets_placed.rpt"/>
  <File Type="PLACE-SIMILARITY" Name="pynq_z2_wrapper_incremental_reuse_placed.rpt"/>
  <File Type="PLACE-PRE-SIMILARITY" Name="pynq_z2_wrapper_incremental_reuse_pre_placed.rpt"/>
  <File Type="BG-BGN" Name="pynq_z2_wrapper.bgn"/>
  <File Type="PLACE-TIMING" Name="pynq_z2_wrapper_timing_summary_placed.rpt"/>
  <File Type="BG-BIN" Name="pynq_z2_wrapper.bin"/>
  <File Type="POSTPLACE-PWROPT-TIMING" Name="pynq_z2_wrapper_timing_summary_postplace_pwropted.rpt"/>
  <File Type="PHYSOPT-DRC" Name="pynq_z2_wrapper_drc_physopted.rpt"/>
  <File Type="BITSTR-MSK" Name="pynq_z2_wrapper.msk"/>
  <File Type="PHYSOPT-TIMING" Name="pynq_z2_wrapper_timing_summary_physopted.rpt"/>
  <File Type="ROUTE-ERROR-DCP" Name="pynq_z2_wrapper_routed_error.dcp"/>
  <File Type="ROUTE-DCP" Name="pynq_z2_wrapper_routed.dcp"/>
  <File Type="ROUTE-BLACKBOX-DCP" Name="pynq_z2_wrapper_routed_bb.dcp"/>
  <File Type="ROUTE-DRC" Name="pynq_z2_wrapper_drc_routed.rpt"/>
  <File Type="ROUTE-DRC-PB" Name="pynq_z2_wrapper_drc_routed.pb"/>
  <File Type="BITSTR-LTX" Name="debug_nets.ltx"/>
  <File Type="BITSTR-LTX" Name="pynq_z2_wrapper.ltx"/>
  <File Type="ROUTE-DRC-RPX" Name="pynq_z2_wrapper_drc_routed.rpx"/>
  <File Type="BITSTR-MMI" Name="pynq_z2_wrapper.mmi"/>
  <File Type="ROUTE-METHODOLOGY-DRC" Name="pynq_z2_wrapper_methodology_drc_routed.rpt"/>
  <File Type="ROUTE-METHODOLOGY-DRC-RPX" Name="pynq_z2_wrapper_methodology_drc_routed.rpx"/>
  <File Type="BITSTR-SYSDEF" Name="pynq_z2_wrapper.sysdef"/>
  <File Type="ROUTE-METHODOLOGY-DRC-PB" Name="pynq_z2_wrapper_methodology_drc_routed.pb"/>
  <File Type="ROUTE-PWR-RPX" Name="pynq_z2_wrapper_power_routed.rpx"/>
  <File Type="ROUTE-STATUS" Name="pynq_z2_wrapper_route_status.rpt"/>
  <File Type="ROUTE-STATUS-PB" Name="pynq_z2_wrapper_route_status.pb"/>
  <File Type="ROUTE-TIMINGSUMMARY" Name="pynq_z2_wrapper_timing_summary_routed.rpt"/>
  <File Type="ROUTE-TIMING-PB" Name="pynq_z2_wrapper_timing_summary_routed.pb"/>
  <File Type="ROUTE-TIMING-RPX" Name="pynq_z2_wrapper_timing_summary_routed.rpx"/>
  <File Type="ROUTE-SIMILARITY" Name="pynq_z2_wrapper_incremental_reuse_routed.rpt"/>
  <File Type="RDI-RDI" Name="pynq_z2_wrapper.vdi"/>
  <File Type="ROUTE-CLK" Name="pynq_z2_wrapper_clock_utilization_routed.rpt"/>
  <File Type="ROUTE-BUS-SKEW" Name="pynq_z2_wrapper_bus_skew_routed.rpt"/>
  <File Type="ROUTE-BUS-SKEW-PB" Name="pynq_z2_wrapper_bus_skew_routed.pb"/>
  <File Type="ROUTE-BUS-SKEW-RPX" Name="pynq_z2_wrapper_bus_skew_routed.rpx"/>
  <File Type="POSTROUTE-PHYSOPT-DCP" Name="pynq_z2_wrapper_postroute_physopt.dcp"/>
  <File Type="POSTROUTE-PHYSOPT-BLACKBOX-DCP" Name="pynq_z2_wrapper_postroute_physopt_bb.dcp"/>
  <File Type="POSTROUTE-PHYSOPT-TIMING" Name="pynq_z2_wrapper_timing_summary_postroute_physopted.rpt"/>
  <File Type="POSTROUTE-PHYSOPT-TIMING-PB" Name="pynq_z2_wrapper_timing_summary_postroute_physopted.pb"/>
  <File Type="POSTROUTE-PHYSOPT-TIMING-RPX" Name="pynq_z2_wrapper_timing_summary_postroute_physopted.rpx"/>
  <File Type="POSTROUTE-PHYSOPT-BUS-SKEW" Name="pynq_z2_wrapper_bus_skew_postroute_physopted.rpt"/>
  <File Type="POSTROUTE-PHYSOPT-BUS-SKEW-PB" Name="pynq_z2_wrapper_bus_skew_postroute_physopted.pb"/>
  <File Type="BG-BIT" Name="pynq_z2_wrapper.bit"/>
  <File Type="POSTROUTE-PHYSOPT-BUS-SKEW-RPX" Name="pynq_z2_wrapper_bus_skew_postroute_physopted.rpx"/>
  <File Type="BITSTR-RBT" Name="pynq_z2_wrapper.rbt"/>
  <File Type="BITSTR-NKY" Name="pynq_z2_wrapper.nky"/>
  <File Type="WBT-USG" Name="usage_statistics_webtalk.html"/>
  <FileSet Name="sources" Type="DesignSrcs" RelSrcDir="$PSRCDIR/sources_1">
    <Filter Type="Srcs"/>
    <File Path="$PSRCDIR/sources_1/bd/pynq_z2/pynq_z2.bd">
      <FileInfo>
        <Attr Name="ImportPath" Val="$PPRDIR/../.local/dsa/prj/sources_1/bd/pynq_z2/pynq_z2.bd"/>
        <Attr Name="ImportTime" Val="1548125962"/>
        <Attr Name="UsedIn" Val="synthesis"/>
        <Attr Name="UsedIn" Val="implementation"/>
        <Attr Name="UsedIn" Val="simulation"/>
      </FileInfo>
    </File>
    <File Path="$PSRCDIR/sources_1/imports/hdl/pynq_z2_wrapper.v">
      <FileInfo>
        <Attr Name="ImportPath" Val="$PPRDIR/../.local/dsa/prj/sources_1/bd/pynq_z2/hdl/pynq_z2_wrapper.v"/>
        <Attr Name="ImportTime" Val="1548125962"/>
        <Attr Name="UsedIn" Val="synthesis"/>
        <Attr Name="UsedIn" Val="implementation"/>
        <Attr Name="UsedIn" Val="simulation"/>
      </FileInfo>
    </File>
    <File Path="$PSRCDIR/sources_1/bd/pynq_z2/hdl/pynq_z2_wrapper.v">
      <FileInfo>
        <Attr Name="AutoDisabled" Val="1"/>
        <Attr Name="UsedIn" Val="synthesis"/>
        <Attr Name="UsedIn" Val="implementation"/>
        <Attr Name="UsedIn" Val="simulation"/>
      </FileInfo>
    </File>
    <Config>
      <Option Name="DesignMode" Val="RTL"/>
      <Option Name="TopModule" Val="pynq_z2_wrapper"/>
    </Config>
  </FileSet>
  <FileSet Name="constrs_in" Type="Constrs" RelSrcDir="$PSRCDIR/constrs_1">
    <Filter Type="Constrs"/>
    <File Path="$PPRDIR/../output/pynq_z2_ooc_copy.xdc">
      <FileInfo>
        <Attr Name="UsedIn" Val="synthesis"/>
        <Attr Name="UsedIn" Val="implementation"/>
        <Attr Name="UsedIn" Val="out_of_context"/>
        <Attr Name="ProcessingOrder" Val="EARLY"/>
      </FileInfo>
    </File>
    <Config>
      <Option Name="ConstrsType" Val="XDC"/>
    </Config>
  </FileSet>
  <Strategy Version="1" Minor="2">
    <StratHandle Name="Vivado Implementation Defaults" Flow="Vivado Implementation 2018">
      <Desc>Default settings for Implementation.</Desc>
    </StratHandle>
    <Step Id="init_design" PostStepTclHook="C:/xup/SDSoC/labs/lab4a/Debug/_sds/p0/vivado/scripts/_full_init_post.tcl" PreStepTclHook="C:/xup/SDSoC/labs/lab4a/Debug/_sds/p0/vivado/scripts/_full_init_pre.tcl"/>
    <Step Id="opt_design" PostStepTclHook="C:/xup/SDSoC/labs/lab4a/Debug/_sds/p0/vivado/scripts/_full_opt_post.tcl" PreStepTclHook="C:/xup/SDSoC/labs/lab4a/Debug/_sds/p0/vivado/scripts/_full_opt_pre.tcl"/>
    <Step Id="power_opt_design"/>
    <Step Id="place_design" PostStepTclHook="C:/xup/SDSoC/labs/lab4a/Debug/_sds/p0/vivado/scripts/_full_place_post.tcl" PreStepTclHook="C:/xup/SDSoC/labs/lab4a/Debug/_sds/p0/vivado/scripts/_full_place_pre.tcl"/>
    <Step Id="post_place_power_opt_design"/>
    <Step Id="phys_opt_design"/>
    <Step Id="route_design" PostStepTclHook="C:/xup/SDSoC/labs/lab4a/Debug/_sds/p0/vivado/scripts/_full_route_post.tcl"/>
    <Step Id="post_route_phys_opt_design"/>
    <Step Id="write_bitstream"/>
  </Strategy>
</GenRun>
