<?xml version="1.0" encoding="UTF-8"?>
<xd:repository xd:vendor="xilinx.com" xd:library="xd" xd:name="xd_ip" xd:version="2.01.a"
               xmlns:xd="http://www.xilinx.com/xd" >
    
    <xd:component xd:vendor="xilinx.com" xd:library="ip" xd:name="axi_interconnect" xd:version="2.1" xd:type='interconnect'>
        <xd:busInterface xd:name="M00_AXI" xd:busTypeRef="aximm" xd:mode="master" xd:clockRef="M00_ACLK" xd:resetRef="M00_ARESETN" />
        <xd:busInterface xd:name="M01_AXI" xd:busTypeRef="aximm" xd:mode="master" xd:clockRef="M01_ACLK" xd:resetRef="M01_ARESETN" />
        <xd:busInterface xd:name="M02_AXI" xd:busTypeRef="aximm" xd:mode="master" xd:clockRef="M02_ACLK" xd:resetRef="M02_ARESETN" />
        <xd:busInterface xd:name="M03_AXI" xd:busTypeRef="aximm" xd:mode="master" xd:clockRef="M03_ACLK" xd:resetRef="M03_ARESETN" />
        <xd:busInterface xd:name="M04_AXI" xd:busTypeRef="aximm" xd:mode="master" xd:clockRef="M04_ACLK" xd:resetRef="M04_ARESETN" />
        <xd:busInterface xd:name="M05_AXI" xd:busTypeRef="aximm" xd:mode="master" xd:clockRef="M05_ACLK" xd:resetRef="M05_ARESETN" />
        <xd:busInterface xd:name="M06_AXI" xd:busTypeRef="aximm" xd:mode="master" xd:clockRef="M06_ACLK" xd:resetRef="M06_ARESETN" />
        <xd:busInterface xd:name="M07_AXI" xd:busTypeRef="aximm" xd:mode="master" xd:clockRef="M07_ACLK" xd:resetRef="M07_ARESETN" />
        <xd:busInterface xd:name="M08_AXI" xd:busTypeRef="aximm" xd:mode="master" xd:clockRef="M08_ACLK" xd:resetRef="M08_ARESETN" />
        <xd:busInterface xd:name="M09_AXI" xd:busTypeRef="aximm" xd:mode="master" xd:clockRef="M09_ACLK" xd:resetRef="M09_ARESETN" />
        <xd:busInterface xd:name="M10_AXI" xd:busTypeRef="aximm" xd:mode="master" xd:clockRef="M10_ACLK" xd:resetRef="M10_ARESETN" />
        <xd:busInterface xd:name="M11_AXI" xd:busTypeRef="aximm" xd:mode="master" xd:clockRef="M11_ACLK" xd:resetRef="M11_ARESETN" />
        <xd:busInterface xd:name="M12_AXI" xd:busTypeRef="aximm" xd:mode="master" xd:clockRef="M12_ACLK" xd:resetRef="M12_ARESETN" />
        <xd:busInterface xd:name="M13_AXI" xd:busTypeRef="aximm" xd:mode="master" xd:clockRef="M13_ACLK" xd:resetRef="M13_ARESETN" />
        <xd:busInterface xd:name="M14_AXI" xd:busTypeRef="aximm" xd:mode="master" xd:clockRef="M14_ACLK" xd:resetRef="M14_ARESETN" />
        <xd:busInterface xd:name="M15_AXI" xd:busTypeRef="aximm" xd:mode="master" xd:clockRef="M15_ACLK" xd:resetRef="M15_ARESETN" />
        <xd:busInterface xd:name="M16_AXI" xd:busTypeRef="aximm" xd:mode="master" xd:clockRef="M16_ACLK" xd:resetRef="M16_ARESETN" />
        <xd:busInterface xd:name="M17_AXI" xd:busTypeRef="aximm" xd:mode="master" xd:clockRef="M17_ACLK" xd:resetRef="M17_ARESETN" />
        <xd:busInterface xd:name="M18_AXI" xd:busTypeRef="aximm" xd:mode="master" xd:clockRef="M18_ACLK" xd:resetRef="M18_ARESETN" />
        <xd:busInterface xd:name="M19_AXI" xd:busTypeRef="aximm" xd:mode="master" xd:clockRef="M19_ACLK" xd:resetRef="M19_ARESETN" />
        <xd:busInterface xd:name="M20_AXI" xd:busTypeRef="aximm" xd:mode="master" xd:clockRef="M20_ACLK" xd:resetRef="M20_ARESETN" />
        <xd:busInterface xd:name="M21_AXI" xd:busTypeRef="aximm" xd:mode="master" xd:clockRef="M21_ACLK" xd:resetRef="M21_ARESETN" />
        <xd:busInterface xd:name="M22_AXI" xd:busTypeRef="aximm" xd:mode="master" xd:clockRef="M22_ACLK" xd:resetRef="M22_ARESETN" />
        <xd:busInterface xd:name="M23_AXI" xd:busTypeRef="aximm" xd:mode="master" xd:clockRef="M23_ACLK" xd:resetRef="M23_ARESETN" />
        <xd:busInterface xd:name="M24_AXI" xd:busTypeRef="aximm" xd:mode="master" xd:clockRef="M24_ACLK" xd:resetRef="M24_ARESETN" />
        <xd:busInterface xd:name="M25_AXI" xd:busTypeRef="aximm" xd:mode="master" xd:clockRef="M25_ACLK" xd:resetRef="M25_ARESETN" />
        <xd:busInterface xd:name="M26_AXI" xd:busTypeRef="aximm" xd:mode="master" xd:clockRef="M26_ACLK" xd:resetRef="M26_ARESETN" />
        <xd:busInterface xd:name="M27_AXI" xd:busTypeRef="aximm" xd:mode="master" xd:clockRef="M27_ACLK" xd:resetRef="M27_ARESETN" />
        <xd:busInterface xd:name="M28_AXI" xd:busTypeRef="aximm" xd:mode="master" xd:clockRef="M28_ACLK" xd:resetRef="M28_ARESETN" />
        <xd:busInterface xd:name="M29_AXI" xd:busTypeRef="aximm" xd:mode="master" xd:clockRef="M29_ACLK" xd:resetRef="M29_ARESETN" />
        <xd:busInterface xd:name="M30_AXI" xd:busTypeRef="aximm" xd:mode="master" xd:clockRef="M30_ACLK" xd:resetRef="M30_ARESETN" />
        <xd:busInterface xd:name="M31_AXI" xd:busTypeRef="aximm" xd:mode="master" xd:clockRef="M31_ACLK" xd:resetRef="M31_ARESETN" />
        <xd:busInterface xd:name="M32_AXI" xd:busTypeRef="aximm" xd:mode="master" xd:clockRef="M32_ACLK" xd:resetRef="M32_ARESETN" />
        <xd:busInterface xd:name="M33_AXI" xd:busTypeRef="aximm" xd:mode="master" xd:clockRef="M33_ACLK" xd:resetRef="M33_ARESETN" />
        <xd:busInterface xd:name="M34_AXI" xd:busTypeRef="aximm" xd:mode="master" xd:clockRef="M34_ACLK" xd:resetRef="M34_ARESETN" />
        <xd:busInterface xd:name="M35_AXI" xd:busTypeRef="aximm" xd:mode="master" xd:clockRef="M35_ACLK" xd:resetRef="M35_ARESETN" />
        <xd:busInterface xd:name="M36_AXI" xd:busTypeRef="aximm" xd:mode="master" xd:clockRef="M36_ACLK" xd:resetRef="M36_ARESETN" />
        <xd:busInterface xd:name="M37_AXI" xd:busTypeRef="aximm" xd:mode="master" xd:clockRef="M37_ACLK" xd:resetRef="M37_ARESETN" />
        <xd:busInterface xd:name="M38_AXI" xd:busTypeRef="aximm" xd:mode="master" xd:clockRef="M38_ACLK" xd:resetRef="M38_ARESETN" />
        <xd:busInterface xd:name="M39_AXI" xd:busTypeRef="aximm" xd:mode="master" xd:clockRef="M39_ACLK" xd:resetRef="M39_ARESETN" />
        <xd:busInterface xd:name="M40_AXI" xd:busTypeRef="aximm" xd:mode="master" xd:clockRef="M40_ACLK" xd:resetRef="M40_ARESETN" />
        <xd:busInterface xd:name="M41_AXI" xd:busTypeRef="aximm" xd:mode="master" xd:clockRef="M41_ACLK" xd:resetRef="M41_ARESETN" />
        <xd:busInterface xd:name="M42_AXI" xd:busTypeRef="aximm" xd:mode="master" xd:clockRef="M42_ACLK" xd:resetRef="M42_ARESETN" />
        <xd:busInterface xd:name="M43_AXI" xd:busTypeRef="aximm" xd:mode="master" xd:clockRef="M43_ACLK" xd:resetRef="M43_ARESETN" />
        <xd:busInterface xd:name="M44_AXI" xd:busTypeRef="aximm" xd:mode="master" xd:clockRef="M44_ACLK" xd:resetRef="M44_ARESETN" />
        <xd:busInterface xd:name="M45_AXI" xd:busTypeRef="aximm" xd:mode="master" xd:clockRef="M45_ACLK" xd:resetRef="M45_ARESETN" />
        <xd:busInterface xd:name="M46_AXI" xd:busTypeRef="aximm" xd:mode="master" xd:clockRef="M46_ACLK" xd:resetRef="M46_ARESETN" />
        <xd:busInterface xd:name="M47_AXI" xd:busTypeRef="aximm" xd:mode="master" xd:clockRef="M47_ACLK" xd:resetRef="M47_ARESETN" />
        <xd:busInterface xd:name="M48_AXI" xd:busTypeRef="aximm" xd:mode="master" xd:clockRef="M48_ACLK" xd:resetRef="M48_ARESETN" />
        <xd:busInterface xd:name="M49_AXI" xd:busTypeRef="aximm" xd:mode="master" xd:clockRef="M49_ACLK" xd:resetRef="M49_ARESETN" />
        <xd:busInterface xd:name="M50_AXI" xd:busTypeRef="aximm" xd:mode="master" xd:clockRef="M50_ACLK" xd:resetRef="M50_ARESETN" />
        <xd:busInterface xd:name="M51_AXI" xd:busTypeRef="aximm" xd:mode="master" xd:clockRef="M51_ACLK" xd:resetRef="M51_ARESETN" />
        <xd:busInterface xd:name="M52_AXI" xd:busTypeRef="aximm" xd:mode="master" xd:clockRef="M52_ACLK" xd:resetRef="M52_ARESETN" />
        <xd:busInterface xd:name="M53_AXI" xd:busTypeRef="aximm" xd:mode="master" xd:clockRef="M53_ACLK" xd:resetRef="M53_ARESETN" />
        <xd:busInterface xd:name="M54_AXI" xd:busTypeRef="aximm" xd:mode="master" xd:clockRef="M54_ACLK" xd:resetRef="M54_ARESETN" />
        <xd:busInterface xd:name="M55_AXI" xd:busTypeRef="aximm" xd:mode="master" xd:clockRef="M55_ACLK" xd:resetRef="M55_ARESETN" />
        <xd:busInterface xd:name="M56_AXI" xd:busTypeRef="aximm" xd:mode="master" xd:clockRef="M56_ACLK" xd:resetRef="M56_ARESETN" />
        <xd:busInterface xd:name="M57_AXI" xd:busTypeRef="aximm" xd:mode="master" xd:clockRef="M57_ACLK" xd:resetRef="M57_ARESETN" />
        <xd:busInterface xd:name="M58_AXI" xd:busTypeRef="aximm" xd:mode="master" xd:clockRef="M58_ACLK" xd:resetRef="M58_ARESETN" />
        <xd:busInterface xd:name="M59_AXI" xd:busTypeRef="aximm" xd:mode="master" xd:clockRef="M59_ACLK" xd:resetRef="M59_ARESETN" />
        <xd:busInterface xd:name="M60_AXI" xd:busTypeRef="aximm" xd:mode="master" xd:clockRef="M60_ACLK" xd:resetRef="M60_ARESETN" />
        <xd:busInterface xd:name="M61_AXI" xd:busTypeRef="aximm" xd:mode="master" xd:clockRef="M61_ACLK" xd:resetRef="M61_ARESETN" />
        <xd:busInterface xd:name="M62_AXI" xd:busTypeRef="aximm" xd:mode="master" xd:clockRef="M62_ACLK" xd:resetRef="M62_ARESETN" />
        <xd:busInterface xd:name="M63_AXI" xd:busTypeRef="aximm" xd:mode="master" xd:clockRef="M63_ACLK" xd:resetRef="M63_ARESETN" />
        
        <xd:busInterface xd:name="S00_AXI" xd:busTypeRef="aximm" xd:mode="slave" xd:clockRef="S00_ACLK" xd:resetRef="S00_ARESETN" />
        <xd:busInterface xd:name="S01_AXI" xd:busTypeRef="aximm" xd:mode="slave" xd:clockRef="S01_ACLK" xd:resetRef="S01_ARESETN" />
        <xd:busInterface xd:name="S02_AXI" xd:busTypeRef="aximm" xd:mode="slave" xd:clockRef="S02_ACLK" xd:resetRef="S02_ARESETN" />
        <xd:busInterface xd:name="S03_AXI" xd:busTypeRef="aximm" xd:mode="slave" xd:clockRef="S03_ACLK" xd:resetRef="S03_ARESETN" />
        <xd:busInterface xd:name="S04_AXI" xd:busTypeRef="aximm" xd:mode="slave" xd:clockRef="S04_ACLK" xd:resetRef="S04_ARESETN" />
        <xd:busInterface xd:name="S05_AXI" xd:busTypeRef="aximm" xd:mode="slave" xd:clockRef="S05_ACLK" xd:resetRef="S05_ARESETN" />
        <xd:busInterface xd:name="S06_AXI" xd:busTypeRef="aximm" xd:mode="slave" xd:clockRef="S06_ACLK" xd:resetRef="S06_ARESETN" />
        <xd:busInterface xd:name="S07_AXI" xd:busTypeRef="aximm" xd:mode="slave" xd:clockRef="S07_ACLK" xd:resetRef="S07_ARESETN" />
        <xd:busInterface xd:name="S08_AXI" xd:busTypeRef="aximm" xd:mode="slave" xd:clockRef="S08_ACLK" xd:resetRef="S08_ARESETN" />
        <xd:busInterface xd:name="S09_AXI" xd:busTypeRef="aximm" xd:mode="slave" xd:clockRef="S09_ACLK" xd:resetRef="S09_ARESETN" />
        <xd:busInterface xd:name="S10_AXI" xd:busTypeRef="aximm" xd:mode="slave" xd:clockRef="S10_ACLK" xd:resetRef="S10_ARESETN" />
        <xd:busInterface xd:name="S11_AXI" xd:busTypeRef="aximm" xd:mode="slave" xd:clockRef="S11_ACLK" xd:resetRef="S11_ARESETN" />
        <xd:busInterface xd:name="S12_AXI" xd:busTypeRef="aximm" xd:mode="slave" xd:clockRef="S12_ACLK" xd:resetRef="S12_ARESETN" />
        <xd:busInterface xd:name="S13_AXI" xd:busTypeRef="aximm" xd:mode="slave" xd:clockRef="S13_ACLK" xd:resetRef="S13_ARESETN" />
        <xd:busInterface xd:name="S14_AXI" xd:busTypeRef="aximm" xd:mode="slave" xd:clockRef="S14_ACLK" xd:resetRef="S14_ARESETN" />
        <xd:busInterface xd:name="S15_AXI" xd:busTypeRef="aximm" xd:mode="slave" xd:clockRef="S15_ACLK" xd:resetRef="S15_ARESETN" />
        <xd:busInterface xd:name="S16_AXI" xd:busTypeRef="aximm" xd:mode="slave" xd:clockRef="S16_ACLK" xd:resetRef="S16_ARESETN" />
        <xd:busInterface xd:name="S17_AXI" xd:busTypeRef="aximm" xd:mode="slave" xd:clockRef="S17_ACLK" xd:resetRef="S17_ARESETN" />
        <xd:busInterface xd:name="S18_AXI" xd:busTypeRef="aximm" xd:mode="slave" xd:clockRef="S18_ACLK" xd:resetRef="S18_ARESETN" />
        <xd:busInterface xd:name="S19_AXI" xd:busTypeRef="aximm" xd:mode="slave" xd:clockRef="S19_ACLK" xd:resetRef="S19_ARESETN" />
        <xd:busInterface xd:name="S20_AXI" xd:busTypeRef="aximm" xd:mode="slave" xd:clockRef="S20_ACLK" xd:resetRef="S20_ARESETN" />
        <xd:busInterface xd:name="S21_AXI" xd:busTypeRef="aximm" xd:mode="slave" xd:clockRef="S21_ACLK" xd:resetRef="S21_ARESETN" />
        <xd:busInterface xd:name="S22_AXI" xd:busTypeRef="aximm" xd:mode="slave" xd:clockRef="S22_ACLK" xd:resetRef="S22_ARESETN" />
        <xd:busInterface xd:name="S23_AXI" xd:busTypeRef="aximm" xd:mode="slave" xd:clockRef="S23_ACLK" xd:resetRef="S23_ARESETN" />
        <xd:busInterface xd:name="S24_AXI" xd:busTypeRef="aximm" xd:mode="slave" xd:clockRef="S24_ACLK" xd:resetRef="S24_ARESETN" />
        <xd:busInterface xd:name="S25_AXI" xd:busTypeRef="aximm" xd:mode="slave" xd:clockRef="S25_ACLK" xd:resetRef="S25_ARESETN" />
        <xd:busInterface xd:name="S26_AXI" xd:busTypeRef="aximm" xd:mode="slave" xd:clockRef="S26_ACLK" xd:resetRef="S26_ARESETN" />
        <xd:busInterface xd:name="S27_AXI" xd:busTypeRef="aximm" xd:mode="slave" xd:clockRef="S27_ACLK" xd:resetRef="S27_ARESETN" />
        <xd:busInterface xd:name="S28_AXI" xd:busTypeRef="aximm" xd:mode="slave" xd:clockRef="S28_ACLK" xd:resetRef="S28_ARESETN" />
        <xd:busInterface xd:name="S29_AXI" xd:busTypeRef="aximm" xd:mode="slave" xd:clockRef="S29_ACLK" xd:resetRef="S29_ARESETN" />
        <xd:busInterface xd:name="S30_AXI" xd:busTypeRef="aximm" xd:mode="slave" xd:clockRef="S30_ACLK" xd:resetRef="S30_ARESETN" />
        <xd:busInterface xd:name="S31_AXI" xd:busTypeRef="aximm" xd:mode="slave" xd:clockRef="S31_ACLK" xd:resetRef="S31_ARESETN" />
        <xd:busInterface xd:name="S32_AXI" xd:busTypeRef="aximm" xd:mode="slave" xd:clockRef="S32_ACLK" xd:resetRef="S32_ARESETN" />
        <xd:busInterface xd:name="S33_AXI" xd:busTypeRef="aximm" xd:mode="slave" xd:clockRef="S33_ACLK" xd:resetRef="S33_ARESETN" />
        <xd:busInterface xd:name="S34_AXI" xd:busTypeRef="aximm" xd:mode="slave" xd:clockRef="S34_ACLK" xd:resetRef="S34_ARESETN" />
        <xd:busInterface xd:name="S35_AXI" xd:busTypeRef="aximm" xd:mode="slave" xd:clockRef="S35_ACLK" xd:resetRef="S35_ARESETN" />
        <xd:busInterface xd:name="S36_AXI" xd:busTypeRef="aximm" xd:mode="slave" xd:clockRef="S36_ACLK" xd:resetRef="S36_ARESETN" />
        <xd:busInterface xd:name="S37_AXI" xd:busTypeRef="aximm" xd:mode="slave" xd:clockRef="S37_ACLK" xd:resetRef="S37_ARESETN" />
        <xd:busInterface xd:name="S38_AXI" xd:busTypeRef="aximm" xd:mode="slave" xd:clockRef="S38_ACLK" xd:resetRef="S38_ARESETN" />
        <xd:busInterface xd:name="S39_AXI" xd:busTypeRef="aximm" xd:mode="slave" xd:clockRef="S39_ACLK" xd:resetRef="S39_ARESETN" />
        <xd:busInterface xd:name="S40_AXI" xd:busTypeRef="aximm" xd:mode="slave" xd:clockRef="S40_ACLK" xd:resetRef="S40_ARESETN" />
        <xd:busInterface xd:name="S41_AXI" xd:busTypeRef="aximm" xd:mode="slave" xd:clockRef="S41_ACLK" xd:resetRef="S41_ARESETN" />
        <xd:busInterface xd:name="S42_AXI" xd:busTypeRef="aximm" xd:mode="slave" xd:clockRef="S42_ACLK" xd:resetRef="S42_ARESETN" />
        <xd:busInterface xd:name="S43_AXI" xd:busTypeRef="aximm" xd:mode="slave" xd:clockRef="S43_ACLK" xd:resetRef="S43_ARESETN" />
        <xd:busInterface xd:name="S44_AXI" xd:busTypeRef="aximm" xd:mode="slave" xd:clockRef="S44_ACLK" xd:resetRef="S44_ARESETN" />
        <xd:busInterface xd:name="S45_AXI" xd:busTypeRef="aximm" xd:mode="slave" xd:clockRef="S45_ACLK" xd:resetRef="S45_ARESETN" />
        <xd:busInterface xd:name="S46_AXI" xd:busTypeRef="aximm" xd:mode="slave" xd:clockRef="S46_ACLK" xd:resetRef="S46_ARESETN" />
        <xd:busInterface xd:name="S47_AXI" xd:busTypeRef="aximm" xd:mode="slave" xd:clockRef="S47_ACLK" xd:resetRef="S47_ARESETN" />
        <xd:busInterface xd:name="S48_AXI" xd:busTypeRef="aximm" xd:mode="slave" xd:clockRef="S48_ACLK" xd:resetRef="S48_ARESETN" />
        <xd:busInterface xd:name="S49_AXI" xd:busTypeRef="aximm" xd:mode="slave" xd:clockRef="S49_ACLK" xd:resetRef="S49_ARESETN" />
        <xd:busInterface xd:name="S50_AXI" xd:busTypeRef="aximm" xd:mode="slave" xd:clockRef="S50_ACLK" xd:resetRef="S50_ARESETN" />
        <xd:busInterface xd:name="S51_AXI" xd:busTypeRef="aximm" xd:mode="slave" xd:clockRef="S51_ACLK" xd:resetRef="S51_ARESETN" />
        <xd:busInterface xd:name="S52_AXI" xd:busTypeRef="aximm" xd:mode="slave" xd:clockRef="S52_ACLK" xd:resetRef="S52_ARESETN" />
        <xd:busInterface xd:name="S53_AXI" xd:busTypeRef="aximm" xd:mode="slave" xd:clockRef="S53_ACLK" xd:resetRef="S53_ARESETN" />
        <xd:busInterface xd:name="S54_AXI" xd:busTypeRef="aximm" xd:mode="slave" xd:clockRef="S54_ACLK" xd:resetRef="S54_ARESETN" />
        <xd:busInterface xd:name="S55_AXI" xd:busTypeRef="aximm" xd:mode="slave" xd:clockRef="S55_ACLK" xd:resetRef="S55_ARESETN" />
        <xd:busInterface xd:name="S56_AXI" xd:busTypeRef="aximm" xd:mode="slave" xd:clockRef="S56_ACLK" xd:resetRef="S56_ARESETN" />
        <xd:busInterface xd:name="S57_AXI" xd:busTypeRef="aximm" xd:mode="slave" xd:clockRef="S57_ACLK" xd:resetRef="S57_ARESETN" />
        <xd:busInterface xd:name="S58_AXI" xd:busTypeRef="aximm" xd:mode="slave" xd:clockRef="S58_ACLK" xd:resetRef="S58_ARESETN" />
        <xd:busInterface xd:name="S59_AXI" xd:busTypeRef="aximm" xd:mode="slave" xd:clockRef="S59_ACLK" xd:resetRef="S59_ARESETN" />
        <xd:busInterface xd:name="S60_AXI" xd:busTypeRef="aximm" xd:mode="slave" xd:clockRef="S60_ACLK" xd:resetRef="S60_ARESETN" />
        <xd:busInterface xd:name="S61_AXI" xd:busTypeRef="aximm" xd:mode="slave" xd:clockRef="S61_ACLK" xd:resetRef="S61_ARESETN" />
        <xd:busInterface xd:name="S62_AXI" xd:busTypeRef="aximm" xd:mode="slave" xd:clockRef="S62_ACLK" xd:resetRef="S62_ARESETN" />
        <xd:busInterface xd:name="S63_AXI" xd:busTypeRef="aximm" xd:mode="slave" xd:clockRef="S63_ACLK" xd:resetRef="S63_ARESETN" />
        <xd:busInterface xd:name="S64_AXI" xd:busTypeRef="aximm" xd:mode="slave" xd:clockRef="S64_ACLK" xd:resetRef="S64_ARESETN" />
        <xd:busInterface xd:name="S65_AXI" xd:busTypeRef="aximm" xd:mode="slave" xd:clockRef="S65_ACLK" xd:resetRef="S65_ARESETN" />
        <xd:busInterface xd:name="S66_AXI" xd:busTypeRef="aximm" xd:mode="slave" xd:clockRef="S66_ACLK" xd:resetRef="S66_ARESETN" />
        <xd:busInterface xd:name="S67_AXI" xd:busTypeRef="aximm" xd:mode="slave" xd:clockRef="S67_ACLK" xd:resetRef="S67_ARESETN" />
        <xd:busInterface xd:name="S68_AXI" xd:busTypeRef="aximm" xd:mode="slave" xd:clockRef="S68_ACLK" xd:resetRef="S68_ARESETN" />
        <xd:busInterface xd:name="S69_AXI" xd:busTypeRef="aximm" xd:mode="slave" xd:clockRef="S69_ACLK" xd:resetRef="S69_ARESETN" />
        <xd:busInterface xd:name="S70_AXI" xd:busTypeRef="aximm" xd:mode="slave" xd:clockRef="S70_ACLK" xd:resetRef="S70_ARESETN" />
        <xd:busInterface xd:name="S71_AXI" xd:busTypeRef="aximm" xd:mode="slave" xd:clockRef="S71_ACLK" xd:resetRef="S71_ARESETN" />
        <xd:busInterface xd:name="S72_AXI" xd:busTypeRef="aximm" xd:mode="slave" xd:clockRef="S72_ACLK" xd:resetRef="S72_ARESETN" />
        <xd:busInterface xd:name="S73_AXI" xd:busTypeRef="aximm" xd:mode="slave" xd:clockRef="S73_ACLK" xd:resetRef="S73_ARESETN" />
        <xd:busInterface xd:name="S74_AXI" xd:busTypeRef="aximm" xd:mode="slave" xd:clockRef="S74_ACLK" xd:resetRef="S74_ARESETN" />
        <xd:busInterface xd:name="S75_AXI" xd:busTypeRef="aximm" xd:mode="slave" xd:clockRef="S75_ACLK" xd:resetRef="S75_ARESETN" />
        <xd:busInterface xd:name="S76_AXI" xd:busTypeRef="aximm" xd:mode="slave" xd:clockRef="S76_ACLK" xd:resetRef="S76_ARESETN" />
        <xd:busInterface xd:name="S77_AXI" xd:busTypeRef="aximm" xd:mode="slave" xd:clockRef="S77_ACLK" xd:resetRef="S77_ARESETN" />
        <xd:busInterface xd:name="S78_AXI" xd:busTypeRef="aximm" xd:mode="slave" xd:clockRef="S78_ACLK" xd:resetRef="S78_ARESETN" />
        <xd:busInterface xd:name="S79_AXI" xd:busTypeRef="aximm" xd:mode="slave" xd:clockRef="S79_ACLK" xd:resetRef="S79_ARESETN" />
        <xd:busInterface xd:name="S80_AXI" xd:busTypeRef="aximm" xd:mode="slave" xd:clockRef="S80_ACLK" xd:resetRef="S80_ARESETN" />
        <xd:busInterface xd:name="S81_AXI" xd:busTypeRef="aximm" xd:mode="slave" xd:clockRef="S81_ACLK" xd:resetRef="S81_ARESETN" />
        <xd:busInterface xd:name="S82_AXI" xd:busTypeRef="aximm" xd:mode="slave" xd:clockRef="S82_ACLK" xd:resetRef="S82_ARESETN" />
        <xd:busInterface xd:name="S83_AXI" xd:busTypeRef="aximm" xd:mode="slave" xd:clockRef="S83_ACLK" xd:resetRef="S83_ARESETN" />
        <xd:busInterface xd:name="S84_AXI" xd:busTypeRef="aximm" xd:mode="slave" xd:clockRef="S84_ACLK" xd:resetRef="S84_ARESETN" />
        <xd:busInterface xd:name="S85_AXI" xd:busTypeRef="aximm" xd:mode="slave" xd:clockRef="S85_ACLK" xd:resetRef="S85_ARESETN" />
        <xd:busInterface xd:name="S86_AXI" xd:busTypeRef="aximm" xd:mode="slave" xd:clockRef="S86_ACLK" xd:resetRef="S86_ARESETN" />
        <xd:busInterface xd:name="S87_AXI" xd:busTypeRef="aximm" xd:mode="slave" xd:clockRef="S87_ACLK" xd:resetRef="S87_ARESETN" />
        <xd:busInterface xd:name="S88_AXI" xd:busTypeRef="aximm" xd:mode="slave" xd:clockRef="S88_ACLK" xd:resetRef="S88_ARESETN" />
        <xd:busInterface xd:name="S89_AXI" xd:busTypeRef="aximm" xd:mode="slave" xd:clockRef="S89_ACLK" xd:resetRef="S89_ARESETN" />
        <xd:busInterface xd:name="S90_AXI" xd:busTypeRef="aximm" xd:mode="slave" xd:clockRef="S90_ACLK" xd:resetRef="S90_ARESETN" />
        <xd:busInterface xd:name="S91_AXI" xd:busTypeRef="aximm" xd:mode="slave" xd:clockRef="S91_ACLK" xd:resetRef="S91_ARESETN" />
        <xd:busInterface xd:name="S92_AXI" xd:busTypeRef="aximm" xd:mode="slave" xd:clockRef="S92_ACLK" xd:resetRef="S92_ARESETN" />
        <xd:busInterface xd:name="S93_AXI" xd:busTypeRef="aximm" xd:mode="slave" xd:clockRef="S93_ACLK" xd:resetRef="S93_ARESETN" />
        <xd:busInterface xd:name="S94_AXI" xd:busTypeRef="aximm" xd:mode="slave" xd:clockRef="S94_ACLK" xd:resetRef="S94_ARESETN" />
        <xd:busInterface xd:name="S95_AXI" xd:busTypeRef="aximm" xd:mode="slave" xd:clockRef="S95_ACLK" xd:resetRef="S95_ARESETN" />
        <xd:busInterface xd:name="S96_AXI" xd:busTypeRef="aximm" xd:mode="slave" xd:clockRef="S96_ACLK" xd:resetRef="S96_ARESETN" />
        <xd:busInterface xd:name="S97_AXI" xd:busTypeRef="aximm" xd:mode="slave" xd:clockRef="S97_ACLK" xd:resetRef="S97_ARESETN" />
        <xd:busInterface xd:name="S98_AXI" xd:busTypeRef="aximm" xd:mode="slave" xd:clockRef="S98_ACLK" xd:resetRef="S98_ARESETN" />
        <xd:busInterface xd:name="S99_AXI" xd:busTypeRef="aximm" xd:mode="slave" xd:clockRef="S99_ACLK" xd:resetRef="S99_ARESETN" />

        <xd:busInterface xd:name="ACLK" xd:busTypeRef="clock" xd:mode="slave" xd:direction="in" xd:library="signal"/>
        <xd:busInterface xd:name="ARESETN" xd:busTypeRef="reset" xd:mode="slave" xd:direction="in" xd:library="signal"/>

        <xd:port xd:name="S00_AXI_arcache" xd:direction="in" xd:size="1"/>
        <xd:port xd:name="S00_AXI_awcache" xd:direction="in" xd:size="1"/>
        <xd:port xd:name="S01_AXI_arcache" xd:direction="in" xd:size="1"/>
        <xd:port xd:name="S01_AXI_awcache" xd:direction="in" xd:size="1"/>
        <xd:port xd:name="S02_AXI_arcache" xd:direction="in" xd:size="1"/>
        <xd:port xd:name="S02_AXI_awcache" xd:direction="in" xd:size="1"/>
        <xd:port xd:name="S03_AXI_arcache" xd:direction="in" xd:size="1"/>
        <xd:port xd:name="S03_AXI_awcache" xd:direction="in" xd:size="1"/>
        <xd:port xd:name="S04_AXI_arcache" xd:direction="in" xd:size="1"/>
        <xd:port xd:name="S04_AXI_awcache" xd:direction="in" xd:size="1"/>
        <xd:port xd:name="S05_AXI_arcache" xd:direction="in" xd:size="1"/>
        <xd:port xd:name="S05_AXI_awcache" xd:direction="in" xd:size="1"/>
        <xd:port xd:name="S06_AXI_arcache" xd:direction="in" xd:size="1"/>
        <xd:port xd:name="S06_AXI_awcache" xd:direction="in" xd:size="1"/>
        <xd:port xd:name="S07_AXI_arcache" xd:direction="in" xd:size="1"/>
        <xd:port xd:name="S07_AXI_awcache" xd:direction="in" xd:size="1"/>
    </xd:component>
    
</xd:repository>
