<profile>

<section name = "Vivado HLS Report for 'sharpen_filter'" level="0">
<item name = "Date">Sat Mar 30 11:56:28 2019
</item>
<item name = "Version">2018.2 (Build 2258646 on Thu Jun 14 20:25:20 MDT 2018)</item>
<item name = "Project">sharpen_filter</item>
<item name = "Solution">solution</item>
<item name = "Product family">zynq</item>
<item name = "Target device">xc7z020clg400-1</item>
</section>

<section name = "Performance Estimates" level="0">
<item name = "Timing (ns)">
<section name = "" level="1">
<item name = "Target clock period (ns)">10.00</item>
<item name = "Clock uncertainty (ns)">2.70</item>
<item name = "Estimated clock period (ns)">7.259</item>
</section>
</item>
<item name = "Latency (clock cycles)">
<section name = "" level="1">
<item name = "Summary"><table name="" hasTotal="0">
<keys size="6">, min, max, min, max, Type</keys>
<column name="">2076607, 2076607, 2076607, 2076607, none</column>
</table>
</item>
<item name = "Detail">
<section name = "" level="1">
<item name = "Instance"><table name="" hasTotal="0">
<keys size="7">Instance, Module, min, max, min, max, Type</keys>
</table>
</item>
<item name = "Loop"><table name="" hasTotal="0">
<keys size="8">Loop Name, min, max, Latency, achieved, target, Count, Pipelined</keys>
<column name="- Loop 1">2076605, 2076605, 6, 1, 1, 2076601, yes</column>
</table>
</item>
</section>
</item>
</section>
</item>
</section>

<section name = "Utilization Estimates" level="0">
<item name = "Summary"><table name="" hasTotal="1">
<keys size="5">Name, BRAM_18K, DSP48E, FF, LUT</keys>
<column name="DSP">-, -, -, -</column>
<column name="Expression">-, -, 0, 331</column>
<column name="FIFO">-, -, -, -</column>
<column name="Instance">-, -, -, -</column>
<column name="Memory">3, -, 0, 0</column>
<column name="Multiplexer">-, -, -, 117</column>
<column name="Register">0, -, 477, 128</column>
<specialColumn name="Available">280, 220, 106400, 53200</specialColumn>
<specialColumn name="Utilization (%)">1, 0, ~0, 1</specialColumn>
</table>
</item>
<item name = "Detail">
<section name = "" level="1">
<item name = "Instance"><table name="" hasTotal="1">
<keys size="6">Instance, Module, BRAM_18K, DSP48E, FF, LUT</keys>
</table>
</item>
<item name = "DSP48"><table name="" hasTotal="0">
<keys size="3">Instance, Module, Expression</keys>
</table>
</item>
<item name = "Memory"><table name="" hasTotal="1">
<keys size="9">Memory, Module, BRAM_18K, FF, LUT, Words, Bits, Banks, W*Bits*Banks</keys>
<column name="buff_A_0_U">sharpen_filter_bubkb, 1, 0, 0, 1920, 8, 1, 15360</column>
<column name="buff_A_1_U">sharpen_filter_bubkb, 1, 0, 0, 1920, 8, 1, 15360</column>
<column name="buff_A_2_U">sharpen_filter_budEe, 1, 0, 0, 1920, 8, 1, 15360</column>
</table>
</item>
<item name = "FIFO"><table name="" hasTotal="1">
<keys size="7">Name, BRAM_18K, FF, LUT, Depth, Bits, Size:D*B</keys>
</table>
</item>
<item name = "Expression"><table name="" hasTotal="1">
<keys size="7">Variable Name, Operation, DSP48E, FF, LUT, Bitwidth P0, Bitwidth P1</keys>
<column name="col_fu_331_p2">+, 0, 0, 13, 11, 1</column>
<column name="indvar_flatten_next_fu_227_p2">+, 0, 0, 28, 21, 1</column>
<column name="row_s_fu_247_p2">+, 0, 0, 13, 11, 1</column>
<column name="sum_i_fu_390_p2">+, 0, 0, 15, 9, 9</column>
<column name="tmp_5_1_1_i_fu_414_p2">+, 0, 0, 13, 11, 11</column>
<column name="tmp_2_i_fu_467_p2">-, 0, 0, 15, 1, 8</column>
<column name="x_weight_2_1_1_i_fu_424_p2">-, 0, 0, 12, 12, 12</column>
<column name="x_weight_2_1_2_i_fu_443_p2">-, 0, 0, 12, 12, 12</column>
<column name="x_weight_2_2_1_i_fu_451_p2">-, 0, 0, 12, 12, 12</column>
<column name="ap_block_state4_pp0_stage0_iter2">and, 0, 0, 2, 1, 1</column>
<column name="ap_block_state7_pp0_stage0_iter5">and, 0, 0, 2, 1, 1</column>
<column name="ap_condition_103">and, 0, 0, 2, 1, 1</column>
<column name="ap_condition_144">and, 0, 0, 2, 1, 1</column>
<column name="ap_predicate_op62_read_state4">and, 0, 0, 2, 1, 1</column>
<column name="or_cond_fu_325_p2">and, 0, 0, 2, 1, 1</column>
<column name="tmp_2_fu_313_p2">and, 0, 0, 2, 1, 1</column>
<column name="exitcond_flatten_fu_221_p2">icmp, 0, 0, 18, 21, 16</column>
<column name="exitcond_fu_233_p2">icmp, 0, 0, 13, 11, 8</column>
<column name="tmp6_fu_259_p2">icmp, 0, 0, 13, 11, 11</column>
<column name="tmp_1_fu_279_p2">icmp, 0, 0, 13, 11, 1</column>
<column name="tmp_3_fu_319_p2">icmp, 0, 0, 13, 11, 1</column>
<column name="tmp_9_mid1_fu_273_p2">icmp, 0, 0, 13, 11, 1</column>
<column name="tmp_i_fu_457_p2">icmp, 0, 0, 13, 12, 1</column>
<column name="tmp_mid1_fu_253_p2">icmp, 0, 0, 13, 11, 11</column>
<column name="tmp_s_fu_307_p2">icmp, 0, 0, 13, 11, 9</column>
<column name="ap_block_pp0_stage0_01001">or, 0, 0, 2, 1, 1</column>
<column name="buff_C_0_2_1_fu_369_p3">select, 0, 0, 8, 1, 8</column>
<column name="buff_C_1_2_fu_351_p3">select, 0, 0, 8, 1, 8</column>
<column name="buff_C_2_2_1_fu_376_p3">select, 0, 0, 8, 1, 8</column>
<column name="col_assign_mid2_fu_239_p3">select, 0, 0, 11, 1, 1</column>
<column name="edge_val_fu_473_p3">select, 0, 0, 8, 1, 8</column>
<column name="row_mid2_fu_293_p3">select, 0, 0, 11, 1, 11</column>
<column name="tmp_9_mid2_fu_285_p3">select, 0, 0, 2, 1, 1</column>
<column name="tmp_mid2_fu_265_p3">select, 0, 0, 2, 1, 1</column>
<column name="ap_enable_pp0">xor, 0, 0, 2, 1, 2</column>
</table>
</item>
<item name = "Multiplexer"><table name="" hasTotal="1">
<keys size="5">Name, LUT, Input Size, Bits, Total Bits</keys>
<column name="ap_NS_fsm">21, 4, 1, 4</column>
<column name="ap_enable_reg_pp0_iter3">9, 2, 1, 2</column>
<column name="ap_enable_reg_pp0_iter5">9, 2, 1, 2</column>
<column name="ap_phi_reg_pp0_iter1_buff_C_2_2_reg_210">9, 2, 8, 16</column>
<column name="ap_phi_reg_pp0_iter2_buff_C_1_2_1_reg_199">15, 3, 8, 24</column>
<column name="ap_phi_reg_pp0_iter3_buff_C_2_2_reg_210">9, 2, 8, 16</column>
<column name="col_assign_reg_188">9, 2, 11, 22</column>
<column name="indvar_flatten_reg_166">9, 2, 21, 42</column>
<column name="input_r_blk_n">9, 2, 1, 2</column>
<column name="output_r_blk_n">9, 2, 1, 2</column>
<column name="row_reg_177">9, 2, 11, 22</column>
</table>
</item>
<item name = "Register"><table name="" hasTotal="1">
<keys size="5">Name, FF, LUT, Bits, Const Bits</keys>
<column name="ap_CS_fsm">3, 0, 3, 0</column>
<column name="ap_enable_reg_pp0_iter0">1, 0, 1, 0</column>
<column name="ap_enable_reg_pp0_iter1">1, 0, 1, 0</column>
<column name="ap_enable_reg_pp0_iter2">1, 0, 1, 0</column>
<column name="ap_enable_reg_pp0_iter3">1, 0, 1, 0</column>
<column name="ap_enable_reg_pp0_iter4">1, 0, 1, 0</column>
<column name="ap_enable_reg_pp0_iter5">1, 0, 1, 0</column>
<column name="ap_phi_reg_pp0_iter1_buff_C_1_2_1_reg_199">8, 0, 8, 0</column>
<column name="ap_phi_reg_pp0_iter1_buff_C_2_2_reg_210">8, 0, 8, 0</column>
<column name="ap_phi_reg_pp0_iter2_buff_C_1_2_1_reg_199">8, 0, 8, 0</column>
<column name="ap_phi_reg_pp0_iter2_buff_C_2_2_reg_210">8, 0, 8, 0</column>
<column name="ap_phi_reg_pp0_iter3_buff_C_2_2_reg_210">8, 0, 8, 0</column>
<column name="buff_A_1_addr_reg_534">11, 0, 11, 0</column>
<column name="buff_C_0_1_fu_64">8, 0, 8, 0</column>
<column name="buff_C_1_0_fu_68">8, 0, 8, 0</column>
<column name="buff_C_1_0_load_reg_563">8, 0, 8, 0</column>
<column name="buff_C_1_1_fu_72">8, 0, 8, 0</column>
<column name="buff_C_1_1_load_reg_573">8, 0, 8, 0</column>
<column name="buff_C_1_2_reg_584">8, 0, 8, 0</column>
<column name="buff_C_1_2_reg_584_pp0_iter3_reg">8, 0, 8, 0</column>
<column name="buff_C_2_1_fu_60">8, 0, 8, 0</column>
<column name="buff_C_2_1_load_reg_589">8, 0, 8, 0</column>
<column name="col_assign_cast2_reg_520">11, 0, 32, 21</column>
<column name="col_assign_cast2_reg_520_pp0_iter1_reg">11, 0, 32, 21</column>
<column name="col_assign_reg_188">11, 0, 11, 0</column>
<column name="edge_val_reg_599">8, 0, 8, 0</column>
<column name="exitcond_flatten_reg_506">1, 0, 1, 0</column>
<column name="indvar_flatten_reg_166">21, 0, 21, 0</column>
<column name="or_cond_reg_549">1, 0, 1, 0</column>
<column name="row_reg_177">11, 0, 11, 0</column>
<column name="tmp_2_reg_545">1, 0, 1, 0</column>
<column name="tmp_s_reg_527">1, 0, 1, 0</column>
<column name="x_weight_2_1_1_i_reg_594">12, 0, 12, 0</column>
<column name="exitcond_flatten_reg_506">64, 32, 1, 0</column>
<column name="or_cond_reg_549">64, 32, 1, 0</column>
<column name="tmp_2_reg_545">64, 32, 1, 0</column>
<column name="tmp_s_reg_527">64, 32, 1, 0</column>
</table>
</item>
</section>
</item>
</section>

<section name = "Interface" level="0">
<item name = "Summary"><table name="" hasTotal="0">
<keys size="6">RTL Ports, Dir, Bits, Protocol, Source Object, C Type</keys>
<column name="ap_clk">in, 1, ap_ctrl_hs, sharpen_filter, return value</column>
<column name="ap_rst_n">in, 1, ap_ctrl_hs, sharpen_filter, return value</column>
<column name="ap_start">in, 1, ap_ctrl_hs, sharpen_filter, return value</column>
<column name="ap_done">out, 1, ap_ctrl_hs, sharpen_filter, return value</column>
<column name="ap_idle">out, 1, ap_ctrl_hs, sharpen_filter, return value</column>
<column name="ap_ready">out, 1, ap_ctrl_hs, sharpen_filter, return value</column>
<column name="input_r_dout">in, 8, ap_fifo, input_r, pointer</column>
<column name="input_r_empty_n">in, 1, ap_fifo, input_r, pointer</column>
<column name="input_r_read">out, 1, ap_fifo, input_r, pointer</column>
<column name="output_r_din">out, 8, ap_fifo, output_r, pointer</column>
<column name="output_r_full_n">in, 1, ap_fifo, output_r, pointer</column>
<column name="output_r_write">out, 1, ap_fifo, output_r, pointer</column>
</table>
</item>
</section>

<section name = "Critical Path" level="0">
<item name = "Max Delay">7.26</item>
<item name = "Critical Path Table"><table name="Critical Path Table" hasTotal="0">
<keys size="15">Name, Operator, Delay, Accumulated Delay, Store Source, Resource, Core, Interface, Type, Port, Array, Scope, Pointer, Callee, Phi Node</keys>
<column name="'row', C:/xup/SDSoC/labs/lab4a/src/sharpen.c:73">phi, 0.00, 0.00, -, -, -, -, -, -, -, -, -, -, &apos;row_mid2&apos;, C:/xup/SDSoC/labs/lab4a/src/sharpen.c:73</column>
<column name="'row_s', C:/xup/SDSoC/labs/lab4a/src/sharpen.c:72">add, 1.64, 1.64, -, -, -, -, -, -, -, -, -, -, -</column>
<column name="'tmp_mid1', C:/xup/SDSoC/labs/lab4a/src/sharpen.c:92">icmp, 1.88, 3.52, -, -, -, -, -, -, -, -, -, -, -</column>
<column name="'tmp_mid2', C:/xup/SDSoC/labs/lab4a/src/sharpen.c:92">select, 0.99, 4.51, -, -, -, -, -, -, -, -, -, -, -</column>
<column name="'tmp_2', C:/xup/SDSoC/labs/lab4a/src/sharpen.c:92">and, 0.98, 5.49, -, -, -, -, -, -, -, -, -, -, -</column>
<column name="'y'">phi, 1.77, 7.26, -, -, -, -, -, -, -, -, -, -, &apos;y&apos;, C:/xup/SDSoC/labs/lab4a/src/sharpen.c:95</column>
</table>
</item>
</section>
</profile>
