<?xml version="1.0" encoding="UTF-8"?>
<xd:repository xmlns:xd="http://www.xilinx.com/xd" xd:vendor="xilinx.com" xd:library="ip" xd:name="axis_data_fifo" xd:version="1.1">
    <xd:component xd:vendor="xilinx.com" xd:library="ip" xd:name="axis_data_fifo" xd:version="1.1">
        <xd:busInterface xd:name="S_AXIS" xd:busTypeRef="axis" xd:mode="slave" xd:direction="in" xd:hasTlast="true" xd:clockRef="S_CLKIF" xd:resetRef="S_RSTIF" xd:dataWidth="0"/>
        <xd:busInterface xd:name="M_AXIS" xd:busTypeRef="axis" xd:mode="master" xd:direction="out" xd:hasTlast="true" xd:clockRef="M_CLKIF" xd:resetRef="M_RSTIF" xd:dataWidth="0"/>
        <xd:busInterface xd:name="S_RSTIF" xd:busTypeRef="reset" xd:mode="slave" xd:direction="in" xd:library="signal" xd:port="s_axis_aresetn"/>
        <xd:busInterface xd:name="M_RSTIF" xd:busTypeRef="reset" xd:mode="slave" xd:direction="in" xd:library="signal" xd:port="m_axis_aresetn"/>
        <xd:busInterface xd:name="S_CLKIF" xd:busTypeRef="clock" xd:mode="slave" xd:direction="in" xd:library="signal" xd:port="s_axis_aclk"/>
        <xd:busInterface xd:name="M_CLKIF" xd:busTypeRef="clock" xd:mode="slave" xd:direction="in" xd:library="signal" xd:port="m_axis_aclk"/>
        <xd:busInterface xd:name="S_CLKENIF" xd:busTypeRef="clockenable" xd:mode="slave"/>
        <xd:busInterface xd:name="M_CLKENIF" xd:busTypeRef="clockenable" xd:mode="slave"/>
        <xd:port xd:name="axis_data_count" xd:direction="out" xd:size="32"/>
        <xd:port xd:name="axis_wr_data_count" xd:direction="out" xd:size="32"/>
        <xd:port xd:name="axis_rd_data_count" xd:direction="out" xd:size="32"/>
    </xd:component>
</xd:repository>
