<?xml version="1.0" encoding="UTF-8"?>
<xd:repository xmlns:xd="http://www.xilinx.com/xd" xd:vendor="xilinx.com" xd:library="ip" xd:name="Trace_Monitor_AXI_Master" xd:version="1.0">
    <xd:component xd:vendor="xilinx.com" xd:library="ip" xd:name="Trace_Monitor_AXI_Master" xd:version="1.0">
        <xd:busInterface xd:name="trace_clk" xd:busTypeRef="clock" xd:mode="slave" xd:direction="in" xd:library="signal" xd:port="trace_clk"/>
        <xd:busInterface xd:name="trace_rst" xd:busTypeRef="reset" xd:mode="slave" xd:direction="in" xd:clockPort="trace_clk" xd:library="signal" xd:port="trace_rst"/>
        <xd:busInterface xd:name="mon_clk" xd:busTypeRef="clock" xd:mode="slave" xd:direction="in" xd:library="signal" xd:port="mon_clk"/>
        <xd:busInterface xd:name="mon_resetn" xd:busTypeRef="reset" xd:mode="slave" xd:direction="in" xd:clockPort="mon_clk" xd:library="signal" xd:port="mon_resetn"/>
        <xd:busInterface xd:name="MON_M_AXI" xd:busTypeRef="aximm" xd:mode="slave" xd:clockRef="mon_clk" xd:resetRef=""/>
        <xd:busInterface xd:name="MON_AP_CTRL" xd:busTypeRef="acc_handshake" xd:mode="slave" xd:direction="in"/>
        <xd:busInterface xd:name="TRACE_OUT_0" xd:busTypeRef="sdsoc_trace" xd:mode="master"/>
        <xd:busInterface xd:name="TRACE_OUT_1" xd:busTypeRef="sdsoc_trace" xd:mode="master"/>
    </xd:component>
</xd:repository>
