{
    "Used Resources": [
        {
            "ip_instance": "pynq_z2_rgb_2_gray_1_0",
            "resources": [
                {
                    "LUT": "28"
                },
                {
                    "LUTMem": "0"
                },
                {
                    "REG": "33"
                },
                {
                    "F7MUX": "0"
                },
                {
                    "F8MUX": "0"
                },
                {
                    "BRAM": "0"
                },
                {
                    "DSP": "3"
                },
                {
                    "GLOBAL_CLOCK_BUFFERS": "0"
                },
                {
                    "MMCM": "0"
                },
                {
                    "PLL": "0"
                }
            ]
        }
    ]
}
