<?xml version="1.0"?>
<cf:model cf:name="top" xd:type="design" xmlns:xd="http://www.xilinx.com/xd" xmlns:cf="http://www.xilinx.com/connections">
  <xd:device xd:BRAM="140" xd:DSP="220" xd:FF="106400" xd:LUTs="53200"/>
  <xd:comp xd:name="pynq_z2" xd:componentRef="pynq_z2" xd:BRAM="0" xd:DSP="0" xd:FF="0" xd:LUTs="0"/>
  <xd:comp xd:name="dm_0" xd:componentRef="axi_dma" xd:BRAM="8" xd:DSP="0" xd:FF="5598" xd:LUTs="4207"/>
  <xd:comp xd:name="dm_1" xd:componentRef="axi_dma" xd:BRAM="8" xd:DSP="0" xd:FF="5598" xd:LUTs="4207"/>
  <xd:comp xd:name="sharpen_filter_1" xd:componentRef="sharpen_filter" xd:BRAM="1" xd:DSP="0" xd:FF="477" xd:LUTs="576"/>
  <xd:comp xd:name="sharpen_filter_1_if" xd:componentRef="sharpen_filter_if" xd:BRAM="0" xd:DSP="0" xd:FF="0" xd:LUTs="0"/>
  <xd:comp xd:name="axi_ic_ps7_0_M_AXI_GP0" xd:componentRef="axi_interconnect" xd:BRAM="-1" xd:DSP="-1" xd:FF="-1" xd:LUTs="-1"/>
  <xd:comp xd:name="axi_ic_ps7_0_S_AXI_ACP" xd:componentRef="axi_interconnect" xd:BRAM="-1" xd:DSP="-1" xd:FF="-1" xd:LUTs="-1"/>
  <xd:comp xd:name="axis_dwc_dm_0_tx_0" xd:componentRef="axis_dwidth_converter" xd:BRAM="-1" xd:DSP="-1" xd:FF="-1" xd:LUTs="-1"/>
  <xd:comp xd:name="axis_dwc_dm_1_rx_0" xd:componentRef="axis_dwidth_converter" xd:BRAM="-1" xd:DSP="-1" xd:FF="-1" xd:LUTs="-1"/>
  <xd:comp xd:name="sds_irq_const" xd:componentRef="xlconstant" xd:BRAM="-1" xd:DSP="-1" xd:FF="-1" xd:LUTs="-1"/>
  <xd:comp xd:name="axcache_0xE" xd:componentRef="xlconstant" xd:BRAM="-1" xd:DSP="-1" xd:FF="-1" xd:LUTs="-1"/>
</cf:model>
