<?xml version="1.0" encoding="UTF-8"?>
<xd:repository xmlns:xd="http://www.xilinx.com/xd" xd:vendor="xilinx.com" xd:library="ip" xd:name="Trace_Monitor_AXI_Stream" xd:version="3.0">
    <xd:component xd:vendor="xilinx.com" xd:library="ip" xd:name="Trace_Monitor_AXI_Stream" xd:version="3.0">
        <xd:busInterface xd:name="S_AXI" xd:busTypeRef="aximm" xd:mode="slave" xd:clockRef="axi_lite_clk" xd:resetRef=""/>
        <xd:busInterface xd:name="MON_AXIS" xd:busTypeRef="axis" xd:mode="slave" xd:direction="in" xd:hasTlast="true" xd:clockRef="mon_clk" xd:resetRef="mon_resetn"/>
        <xd:busInterface xd:name="mon_resetn" xd:busTypeRef="reset" xd:mode="slave" xd:direction="in" xd:clockPort="mon_clk" xd:library="signal" xd:port="mon_resetn"/>
        <xd:busInterface xd:name="mon_clk" xd:busTypeRef="clock" xd:mode="slave" xd:direction="in" xd:library="signal" xd:port="mon_clk"/>
        <xd:busInterface xd:name="trace_clk" xd:busTypeRef="clock" xd:mode="slave" xd:direction="in" xd:library="signal" xd:port="trace_clk"/>
        <xd:busInterface xd:name="trace_rst" xd:busTypeRef="reset" xd:mode="slave" xd:direction="in" xd:clockPort="trace_clk" xd:library="signal" xd:port="trace_rst"/>
        <xd:busInterface xd:name="axi_lite_clk" xd:busTypeRef="clock" xd:mode="slave" xd:direction="in" xd:library="signal" xd:port="axi_lite_clk"/>
        <xd:busInterface xd:name="axi_lite_resetn" xd:busTypeRef="reset" xd:mode="slave" xd:direction="in" xd:clockPort="axi_lite_clk" xd:library="signal" xd:port="axi_lite_resetn"/>
        <xd:busInterface xd:name="TRACE_OUT" xd:busTypeRef="sdsoc_trace" xd:mode="master" xd:clockPort="trace_clk"/>
    </xd:component>
</xd:repository>
