<annotationInfo>
<annotationInfo>
<item  id="7" filename="C:/xup/SDSoC/labs/lab1/src/dataflow.cpp" linenumber="61" name="i_0_i_i_cast6" contextFuncName="dataflow" moduleName="Loop_1_proc" rtlName="i_0_i_i_cast6_fu_55_p1" latency="0" BRAM="-1" DSP="-1" FF="-1" LUT="-1" fileDirectory="C:\xup\SDSoC\labs\lab1\Release"&gt;&lt;\/item&gt;
<item  id="8" filename="C:/xup/SDSoC/labs/lab1/src/dataflow.cpp" linenumber="61" name="exitcond_i_i" contextFuncName="dataflow" moduleName="Loop_1_proc" rtlName="exitcond_i_i_fu_60_p2" latency="0" BRAM="-1" DSP="-1" FF="0" LUT="11" fileDirectory="C:\xup\SDSoC\labs\lab1\Release"&gt;&lt;\/item&gt;
<item  id="10" filename="C:/xup/SDSoC/labs/lab1/src/dataflow.cpp" linenumber="61" name="i" contextFuncName="dataflow" moduleName="Loop_1_proc" rtlName="i_fu_66_p2" latency="0" BRAM="-1" DSP="-1" FF="0" LUT="15" fileDirectory="C:\xup\SDSoC\labs\lab1\Release"&gt;&lt;\/item&gt;
&lt;\/annotationInfo&gt;
<annotationInfo>
<item  id="7" filename="C:/xup/SDSoC/labs/lab1/src/dataflow.cpp" linenumber="64" name="i1_cast5" contextFuncName="dataflow" moduleName="Loop_2_proc" rtlName="i1_cast5_fu_54_p1" latency="0" BRAM="-1" DSP="-1" FF="-1" LUT="-1" fileDirectory="C:\xup\SDSoC\labs\lab1\Release"&gt;&lt;\/item&gt;
<item  id="8" filename="C:/xup/SDSoC/labs/lab1/src/dataflow.cpp" linenumber="64" name="tmp" contextFuncName="dataflow" moduleName="Loop_2_proc" rtlName="tmp_fu_59_p2" latency="0" BRAM="-1" DSP="-1" FF="0" LUT="11" fileDirectory="C:\xup\SDSoC\labs\lab1\Release"&gt;&lt;\/item&gt;
<item  id="15" filename="C:/xup/SDSoC/labs/lab1/src/dataflow.cpp" linenumber="64" name="i" contextFuncName="dataflow" moduleName="Loop_2_proc" rtlName="i_fu_65_p2" latency="0" BRAM="-1" DSP="-1" FF="0" LUT="15" fileDirectory="C:\xup\SDSoC\labs\lab1\Release"&gt;&lt;\/item&gt;
&lt;\/annotationInfo&gt;
<annotationInfo>
<\/annotationInfo>
</annotationInfo>
