<profile>

<section name = "Vivado HLS Report for 'dataflow'" level="0">
<item name = "Date">Mon Feb 18 07:35:43 2019
</item>
<item name = "Version">2018.2 (Build 2258646 on Thu Jun 14 20:25:20 MDT 2018)</item>
<item name = "Project">dataflow</item>
<item name = "Solution">solution</item>
<item name = "Product family">zynq</item>
<item name = "Target device">xc7z020clg400-1</item>
</section>

<section name = "Performance Estimates" level="0">
<item name = "Timing (ns)">
<section name = "" level="1">
<item name = "Summary"><table name="" hasTotal="0">
<keys size="4">Clock, Target, Estimated, Uncertainty</keys>
<column name="ap_clk">10.00, 5.956, 2.70</column>
</table>
</item>
</section>
</item>
<item name = "Latency (clock cycles)">
<section name = "" level="1">
<item name = "Summary"><table name="" hasTotal="0">
<keys size="6">, min, max, min, max, Type</keys>
<column name="">97, 97, 64, 64, dataflow</column>
</table>
</item>
<item name = "Detail">
<section name = "" level="1">
<item name = "Instance"><table name="" hasTotal="0">
<keys size="7">Instance, Module, min, max, min, max, Type</keys>
<column name="grp_Loop_2_proc_fu_36">Loop_2_proc, 63, 63, 63, 63, none</column>
<column name="grp_Loop_1_proc_fu_43">Loop_1_proc, 33, 33, 33, 33, none</column>
</table>
</item>
<item name = "Loop"><table name="" hasTotal="0">
<keys size="8">Loop Name, min, max, Latency, achieved, target, Count, Pipelined</keys>
</table>
</item>
</section>
</item>
</section>
</item>
</section>
</profile>
