<profile>

<section name = "Vivado HLS Report for 'dataflow'" level="0">
<item name = "Date">Mon Feb 18 07:35:45 2019
</item>
<item name = "Version">2018.2 (Build 2258646 on Thu Jun 14 20:25:20 MDT 2018)</item>
<item name = "Project">dataflow</item>
<item name = "Solution">solution</item>
<item name = "Product family">zynq</item>
<item name = "Target device">xc7z020clg400-1</item>
</section>

<section name = "Performance Estimates" level="0">
<item name = "Timing (ns)">
<section name = "" level="1">
<item name = "Summary"><table name="" hasTotal="0">
<keys size="4">Clock, Target, Estimated, Uncertainty</keys>
<column name="ap_clk">10.00, 5.956, 2.70</column>
</table>
</item>
</section>
</item>
<item name = "Latency (clock cycles)">
<section name = "" level="1">
<item name = "Summary"><table name="" hasTotal="0">
<keys size="6">, min, max, min, max, Type</keys>
<column name="">97, 97, 64, 64, dataflow</column>
</table>
</item>
<item name = "Detail">
<section name = "" level="1">
<item name = "Instance"><table name="" hasTotal="0">
<keys size="7">Instance, Module, min, max, min, max, Type</keys>
<column name="Loop_2_proc_U0">Loop_2_proc, 63, 63, 63, 63, none</column>
<column name="Loop_1_proc_U0">Loop_1_proc, 33, 33, 33, 33, none</column>
</table>
</item>
<item name = "Loop"><table name="" hasTotal="0">
<keys size="8">Loop Name, min, max, Latency, achieved, target, Count, Pipelined</keys>
</table>
</item>
</section>
</item>
</section>
</item>
</section>

<section name = "Utilization Estimates" level="0">
<item name = "Summary"><table name="" hasTotal="1">
<keys size="5">Name, BRAM_18K, DSP48E, FF, LUT</keys>
<column name="DSP">-, -, -, -</column>
<column name="Expression">-, -, 0, 2</column>
<column name="FIFO">-, -, -, -</column>
<column name="Instance">-, -, 23, 148</column>
<column name="Memory">0, -, 32, 8</column>
<column name="Multiplexer">-, -, -, -</column>
<column name="Register">-, -, -, -</column>
<specialColumn name="Available">280, 220, 106400, 53200</specialColumn>
<specialColumn name="Utilization (%)">0, 0, ~0, ~0</specialColumn>
</table>
</item>
<item name = "Detail">
<section name = "" level="1">
<item name = "Instance"><table name="" hasTotal="1">
<keys size="6">Instance, Module, BRAM_18K, DSP48E, FF, LUT</keys>
<column name="Loop_1_proc_U0">Loop_1_proc, 0, 0, 9, 72</column>
<column name="Loop_2_proc_U0">Loop_2_proc, 0, 0, 14, 76</column>
</table>
</item>
<item name = "DSP48"><table name="" hasTotal="0">
<keys size="3">Instance, Module, Expression</keys>
</table>
</item>
<item name = "Memory"><table name="" hasTotal="1">
<keys size="9">Memory, Module, BRAM_18K, FF, LUT, Words, Bits, Banks, W*Bits*Banks</keys>
<column name="p_int_U">dataflow_p_int, 0, 32, 8, 32, 16, 2, 1024</column>
</table>
</item>
<item name = "FIFO"><table name="" hasTotal="1">
<keys size="7">Name, BRAM_18K, FF, LUT, Depth, Bits, Size:D*B</keys>
</table>
</item>
<item name = "Expression"><table name="" hasTotal="1">
<keys size="7">Variable Name, Operation, DSP48E, FF, LUT, Bitwidth P0, Bitwidth P1</keys>
<column name="ap_idle">and, 0, 0, 2, 1, 1</column>
</table>
</item>
<item name = "Multiplexer"><table name="" hasTotal="1">
<keys size="5">Name, LUT, Input Size, Bits, Total Bits</keys>
</table>
</item>
<item name = "Register"><table name="" hasTotal="1">
<keys size="5">Name, FF, LUT, Bits, Const Bits</keys>
</table>
</item>
</section>
</item>
</section>

<section name = "Interface" level="0">
<item name = "Summary"><table name="" hasTotal="0">
<keys size="6">RTL Ports, Dir, Bits, Protocol, Source Object, C Type</keys>
<column name="ap_clk">in, 1, ap_ctrl_hs, dataflow, return value</column>
<column name="ap_rst_n">in, 1, ap_ctrl_hs, dataflow, return value</column>
<column name="ap_done">out, 1, ap_ctrl_hs, dataflow, return value</column>
<column name="ap_start">in, 1, ap_ctrl_hs, dataflow, return value</column>
<column name="ap_ready">out, 1, ap_ctrl_hs, dataflow, return value</column>
<column name="ap_idle">out, 1, ap_ctrl_hs, dataflow, return value</column>
<column name="a_dout">in, 16, ap_fifo, a, pointer</column>
<column name="a_empty_n">in, 1, ap_fifo, a, pointer</column>
<column name="a_read">out, 1, ap_fifo, a, pointer</column>
<column name="b_din">out, 16, ap_fifo, b, pointer</column>
<column name="b_full_n">in, 1, ap_fifo, b, pointer</column>
<column name="b_write">out, 1, ap_fifo, b, pointer</column>
</table>
</item>
</section>
</profile>
