<?xml version="1.0" encoding="UTF-8"?>
<Root VersionMajor="1" VersionMinor="11">
  <GenAppInfo Name="Vivado" Version="2018.2" CL="2258646" TimeStamp="Thu Mar 28 10:55:48 2019"/>
  <DSA Vendor="xilinx.com" BoardId="pynq_z1" Name="pynq_z1" VersionMajor="1" VersionMinor="0" Description="Vivado generated DSA" FeatureRomTimestamp="0" DcpLogicFunctionStripped="false" DcpEncrypt="false" Unified="true" Fixed="false">
    <Build UsesPR="false" PlatformState="pre_synth" TopModuleName="pynq_z1_wrapper"/>
    <Board Name="tul.com.tw:pynq-z2:1.0" Vendor="tul.com.tw" Part="xc7z020clg400-1" BoardPart="tul.com.tw:pynq-z2:part0:1.0">
      <Images>
        <Img Type="HDPI" File="pynq_z2.jpg"/>
        <Img Type="MDPI" File=""/>
        <Img Type="LDPI" File=""/>
      </Images>
    </Board>
    <Devices>
      <Device Name="fpga0" Type="8" FpgaDevice="zynq:xc7z020:clg400:-1">
        <Core Name="OCL_REGION_0" Type="clc_region" ComputeUnits="60" DRBaseAddress="0"/>
      </Device>
    </Devices>
    <Files>
      <File Type="HPFM" Name="pynq_z1.hpfm"/>
      <File Type="REBUILD_TCL" Name="prj/rebuild.tcl"/>
      <File Type="IP_CACHE_DIR" Name="ipcache"/>
    </Files>
  </DSA>
</Root>
