{
  "Top": "sharpen_filter",
  "RtlTop": "a0_sharpen_filter",
  "RtlPrefix": "a0_",
  "SourceLanguage": "c",
  "ResetStyle": "control",
  "GenerateBdFiles": "0",
  "HostMachineBits": "64",
  "Target": {
    "Family": "zynq",
    "Device": "xc7z020",
    "Package": "clg400",
    "Speed": "-1"
  },
  "HlsSolution": {
    "Config": ["config_rtl -reset_level=low -prefix=a0_"],
    "Directives": [
      "interface sharpen_filter {{ap_fifo positionBoolean0mode} {port positionBooleanTextRequiredinput}} {}",
      "interface sharpen_filter {{ap_fifo positionBoolean0mode} {port positionBooleanTextRequiredoutput}} {}",
      "latency sharpen_filter {{min 1}} {}"
    ]
  },
  "ClockInfo": {
    "ClockName": "ap_clk",
    "ClockPeriod": "10",
    "IsCombLogic": "0",
    "II": "x",
    "Latency": "2076607",
    "Uncertainty": "2.7"
  },
  "Xdc": {"OocClocks": ["create_clock -name ap_clk -period 10.000 [get_ports ap_clk]"]},
  "Ipx": {
    "Vendor": "xilinx.com",
    "Library": "hls",
    "Name": "sharpen_filter",
    "Version": "1.0",
    "DisplayName": "Sharpen_filter",
    "Revision": "",
    "Description": "An IP generated by Vivado HLS",
    "Taxonomy": "\/VIVADO_HLS_IP"
  },
  "Files": {
    "CSource": ["C:\/xup\/SDSoC\/labs\/lab4a\/src\/sharpen.c"],
    "Vhdl": [
      "impl\/vhdl\/a0_sharpen_filter_bubkb.vhd",
      "impl\/vhdl\/a0_sharpen_filter_budEe.vhd",
      "impl\/vhdl\/a0_sharpen_filter.vhd"
    ],
    "Verilog": [
      "impl\/verilog\/a0_sharpen_filter_bubkb.v",
      "impl\/verilog\/a0_sharpen_filter_budEe.v",
      "impl\/verilog\/a0_sharpen_filter.v"
    ],
    "Misc": ["impl\/misc\/logo.png"]
  },
  "SubcoreInfo": {
    "HasXpmMemory": false,
    "HasClockedDsp": false,
    "IP": []
  },
  "Interfaces": {
    "ap_clk": {
      "type": "clock",
      "ctype": {"CLK": {"Type": "bool"}},
      "reset": "ap_rst_n"
    },
    "ap_ctrl": {
      "type": "ap_ctrl",
      "ctrl_ports": "ap_start ap_done ap_idle ap_ready",
      "ctype": {
        "start": {"Type": "bool"},
        "done": {"Type": "bool"},
        "idle": {"Type": "bool"},
        "ready": {"Type": "bool"}
      }
    },
    "ap_rst_n": {
      "type": "reset",
      "polarity": "ACTIVE_LOW",
      "ctype": {"RST": {"Type": "bool"}}
    },
    "input_r": {
      "type": "ap_fifo",
      "fifo_width": "8",
      "fifo_type": "read",
      "ctype": {
        "RD_DATA": {
          "Type": "integer unsigned",
          "Width": "8"
        },
        "EMPTY_N": {"Type": "bool"},
        "RD_EN": {"Type": "bool"}
      }
    },
    "output_r": {
      "type": "ap_fifo",
      "fifo_width": "8",
      "fifo_type": "write",
      "ctype": {
        "WR_DATA": {
          "Type": "integer unsigned",
          "Width": "8"
        },
        "FULL_N": {"Type": "bool"},
        "WR_EN": {"Type": "bool"}
      }
    }
  },
  "RtlPorts": {
    "ap_clk": {
      "dir": "in",
      "width": "1"
    },
    "ap_rst_n": {
      "dir": "in",
      "width": "1"
    },
    "ap_start": {
      "dir": "in",
      "width": "1"
    },
    "ap_done": {
      "dir": "out",
      "width": "1"
    },
    "ap_idle": {
      "dir": "out",
      "width": "1"
    },
    "ap_ready": {
      "dir": "out",
      "width": "1"
    },
    "input_r_dout": {
      "dir": "in",
      "width": "8"
    },
    "input_r_empty_n": {
      "dir": "in",
      "width": "1"
    },
    "input_r_read": {
      "dir": "out",
      "width": "1"
    },
    "output_r_din": {
      "dir": "out",
      "width": "8"
    },
    "output_r_full_n": {
      "dir": "in",
      "width": "1"
    },
    "output_r_write": {
      "dir": "out",
      "width": "1"
    }
  },
  "CPorts": {
    "ap_ctrl": {
      "interfaceRef": "ap_ctrl",
      "dir": "out"
    },
    "input_r": {
      "interfaceRef": "input_r",
      "dir": "in"
    },
    "output_r": {
      "interfaceRef": "output_r",
      "dir": "out",
      "firstOutLatency": "6"
    }
  },
  "ModuleInfo": {
    "Hierarchy": {"ModuleName": "sharpen_filter"},
    "Metrics": {"sharpen_filter": {
        "Latency": {
          "LatencyBest": "2076607",
          "LatencyAvg": "2076607",
          "LatencyWorst": "2076607",
          "PipelineII": "2076608",
          "PipelineDepth": "",
          "PipelineType": "none"
        },
        "Timing": {
          "Target": "10.00",
          "Uncertainty": "2.70",
          "Estimate": "7.259"
        },
        "Loops": [{
            "Name": "Loop 1",
            "TripCount": "2076601",
            "Latency": "2076605",
            "PipelineII": "1",
            "PipelineDepth": "6"
          }],
        "Area": {
          "BRAM_18K": "3",
          "FF": "477",
          "LUT": "576",
          "DSP48E": "0"
        }
      }}
  },
  "Sdx": {
    "Target": "none",
    "ProfileOption": "0",
    "ProfileType": "none"
  },
  "GenData": {
    "DataVersion": "0.1",
    "Time": "2019-02-21 11:21:08 -0800",
    "ToolName": "vivado_hls",
    "ToolVersion": "2018.2"
  }
}
