<?xml version="1.0"?>
<Runs Version="1" Minor="0">
	<Run Id="pynq_z1_sgdma2axis_dm_0_0_synth_1" LaunchDir="C:/xup/SDSoC/pynq_z1_platform_source/pynq_z1/pynq_z1_1.sdk/lab1_prebuilt/Release/_sds/p0/vivado/prj/prj.runs/pynq_z1_sgdma2axis_dm_0_0_synth_1" FlowId="Vivado_Synthesis" FromStepId="vivado" ToStepId="vivado"/>
	<Run Id="pynq_z1_dataflow_1_0_synth_1" LaunchDir="C:/xup/SDSoC/pynq_z1_platform_source/pynq_z1/pynq_z1_1.sdk/lab1_prebuilt/Release/_sds/p0/vivado/prj/prj.runs/pynq_z1_dataflow_1_0_synth_1" FlowId="Vivado_Synthesis" FromStepId="vivado" ToStepId="vivado"/>
	<Run Id="pynq_z1_dm_0_0_synth_1" LaunchDir="C:/xup/SDSoC/pynq_z1_platform_source/pynq_z1/pynq_z1_1.sdk/lab1_prebuilt/Release/_sds/p0/vivado/prj/prj.runs/pynq_z1_dm_0_0_synth_1" FlowId="Vivado_Synthesis" FromStepId="vivado" ToStepId="vivado"/>
	<Run Id="pynq_z1_dataflow_1_if_0_synth_1" LaunchDir="C:/xup/SDSoC/pynq_z1_platform_source/pynq_z1/pynq_z1_1.sdk/lab1_prebuilt/Release/_sds/p0/vivado/prj/prj.runs/pynq_z1_dataflow_1_if_0_synth_1" FlowId="Vivado_Synthesis" FromStepId="vivado" ToStepId="vivado"/>
	<Run Id="pynq_z1_axis2sgdma_dm_0_0_synth_1" LaunchDir="C:/xup/SDSoC/pynq_z1_platform_source/pynq_z1/pynq_z1_1.sdk/lab1_prebuilt/Release/_sds/p0/vivado/prj/prj.runs/pynq_z1_axis2sgdma_dm_0_0_synth_1" FlowId="Vivado_Synthesis" FromStepId="vivado" ToStepId="vivado"/>
	<Run Id="pynq_z1_m00_data_fifo_0_synth_1" LaunchDir="C:/xup/SDSoC/pynq_z1_platform_source/pynq_z1/pynq_z1_1.sdk/lab1_prebuilt/Release/_sds/p0/vivado/prj/prj.runs/pynq_z1_m00_data_fifo_0_synth_1" FlowId="Vivado_Synthesis" FromStepId="vivado" ToStepId="vivado"/>
	<Run Id="pynq_z1_auto_pc_1_synth_1" LaunchDir="C:/xup/SDSoC/pynq_z1_platform_source/pynq_z1/pynq_z1_1.sdk/lab1_prebuilt/Release/_sds/p0/vivado/prj/prj.runs/pynq_z1_auto_pc_1_synth_1" FlowId="Vivado_Synthesis" FromStepId="vivado" ToStepId="vivado"/>
	<Run Id="pynq_z1_sds_irq_const_0_synth_1" LaunchDir="C:/xup/SDSoC/pynq_z1_platform_source/pynq_z1/pynq_z1_1.sdk/lab1_prebuilt/Release/_sds/p0/vivado/prj/prj.runs/pynq_z1_sds_irq_const_0_synth_1" FlowId="Vivado_Synthesis" FromStepId="vivado" ToStepId="vivado"/>
	<Run Id="pynq_z1_s02_regslice_0_synth_1" LaunchDir="C:/xup/SDSoC/pynq_z1_platform_source/pynq_z1/pynq_z1_1.sdk/lab1_prebuilt/Release/_sds/p0/vivado/prj/prj.runs/pynq_z1_s02_regslice_0_synth_1" FlowId="Vivado_Synthesis" FromStepId="vivado" ToStepId="vivado"/>
	<Run Id="pynq_z1_xbar_0_synth_1" LaunchDir="C:/xup/SDSoC/pynq_z1_platform_source/pynq_z1/pynq_z1_1.sdk/lab1_prebuilt/Release/_sds/p0/vivado/prj/prj.runs/pynq_z1_xbar_0_synth_1" FlowId="Vivado_Synthesis" FromStepId="vivado" ToStepId="vivado"/>
	<Run Id="pynq_z1_axis_dwc_dm_0_tx_0_0_synth_1" LaunchDir="C:/xup/SDSoC/pynq_z1_platform_source/pynq_z1/pynq_z1_1.sdk/lab1_prebuilt/Release/_sds/p0/vivado/prj/prj.runs/pynq_z1_axis_dwc_dm_0_tx_0_0_synth_1" FlowId="Vivado_Synthesis" FromStepId="vivado" ToStepId="vivado"/>
	<Run Id="pynq_z1_s00_regslice_2_synth_1" LaunchDir="C:/xup/SDSoC/pynq_z1_platform_source/pynq_z1/pynq_z1_1.sdk/lab1_prebuilt/Release/_sds/p0/vivado/prj/prj.runs/pynq_z1_s00_regslice_2_synth_1" FlowId="Vivado_Synthesis" FromStepId="vivado" ToStepId="vivado"/>
	<Run Id="pynq_z1_auto_ss_slid_0_synth_1" LaunchDir="C:/xup/SDSoC/pynq_z1_platform_source/pynq_z1/pynq_z1_1.sdk/lab1_prebuilt/Release/_sds/p0/vivado/prj/prj.runs/pynq_z1_auto_ss_slid_0_synth_1" FlowId="Vivado_Synthesis" FromStepId="vivado" ToStepId="vivado"/>
	<Run Id="pynq_z1_m00_regslice_1_synth_1" LaunchDir="C:/xup/SDSoC/pynq_z1_platform_source/pynq_z1/pynq_z1_1.sdk/lab1_prebuilt/Release/_sds/p0/vivado/prj/prj.runs/pynq_z1_m00_regslice_1_synth_1" FlowId="Vivado_Synthesis" FromStepId="vivado" ToStepId="vivado"/>
	<Run Id="pynq_z1_axcache_0x2_0_synth_1" LaunchDir="C:/xup/SDSoC/pynq_z1_platform_source/pynq_z1/pynq_z1_1.sdk/lab1_prebuilt/Release/_sds/p0/vivado/prj/prj.runs/pynq_z1_axcache_0x2_0_synth_1" FlowId="Vivado_Synthesis" FromStepId="vivado" ToStepId="vivado"/>
	<Run Id="pynq_z1_s01_regslice_0_synth_1" LaunchDir="C:/xup/SDSoC/pynq_z1_platform_source/pynq_z1/pynq_z1_1.sdk/lab1_prebuilt/Release/_sds/p0/vivado/prj/prj.runs/pynq_z1_s01_regslice_0_synth_1" FlowId="Vivado_Synthesis" FromStepId="vivado" ToStepId="vivado"/>
	<Run Id="pynq_z1_auto_us_df_0_synth_1" LaunchDir="C:/xup/SDSoC/pynq_z1_platform_source/pynq_z1/pynq_z1_1.sdk/lab1_prebuilt/Release/_sds/p0/vivado/prj/prj.runs/pynq_z1_auto_us_df_0_synth_1" FlowId="Vivado_Synthesis" FromStepId="vivado" ToStepId="vivado"/>
	<Run Id="pynq_z1_s01_data_fifo_0_synth_1" LaunchDir="C:/xup/SDSoC/pynq_z1_platform_source/pynq_z1/pynq_z1_1.sdk/lab1_prebuilt/Release/_sds/p0/vivado/prj/prj.runs/pynq_z1_s01_data_fifo_0_synth_1" FlowId="Vivado_Synthesis" FromStepId="vivado" ToStepId="vivado"/>
	<Run Id="pynq_z1_axcache_0xE_0_synth_1" LaunchDir="C:/xup/SDSoC/pynq_z1_platform_source/pynq_z1/pynq_z1_1.sdk/lab1_prebuilt/Release/_sds/p0/vivado/prj/prj.runs/pynq_z1_axcache_0xE_0_synth_1" FlowId="Vivado_Synthesis" FromStepId="vivado" ToStepId="vivado"/>
	<Run Id="pynq_z1_axis_dwc_dm_0_rx_0_0_synth_1" LaunchDir="C:/xup/SDSoC/pynq_z1_platform_source/pynq_z1/pynq_z1_1.sdk/lab1_prebuilt/Release/_sds/p0/vivado/prj/prj.runs/pynq_z1_axis_dwc_dm_0_rx_0_0_synth_1" FlowId="Vivado_Synthesis" FromStepId="vivado" ToStepId="vivado"/>
	<Run Id="pynq_z1_xbar_1_synth_1" LaunchDir="C:/xup/SDSoC/pynq_z1_platform_source/pynq_z1/pynq_z1_1.sdk/lab1_prebuilt/Release/_sds/p0/vivado/prj/prj.runs/pynq_z1_xbar_1_synth_1" FlowId="Vivado_Synthesis" FromStepId="vivado" ToStepId="vivado"/>
	<Run Id="pynq_z1_s00_regslice_0_synth_1" LaunchDir="C:/xup/SDSoC/pynq_z1_platform_source/pynq_z1/pynq_z1_1.sdk/lab1_prebuilt/Release/_sds/p0/vivado/prj/prj.runs/pynq_z1_s00_regslice_0_synth_1" FlowId="Vivado_Synthesis" FromStepId="vivado" ToStepId="vivado"/>
	<Run Id="pynq_z1_s00_data_fifo_0_synth_1" LaunchDir="C:/xup/SDSoC/pynq_z1_platform_source/pynq_z1/pynq_z1_1.sdk/lab1_prebuilt/Release/_sds/p0/vivado/prj/prj.runs/pynq_z1_s00_data_fifo_0_synth_1" FlowId="Vivado_Synthesis" FromStepId="vivado" ToStepId="vivado"/>
	<Run Id="pynq_z1_s00_regslice_1_synth_1" LaunchDir="C:/xup/SDSoC/pynq_z1_platform_source/pynq_z1/pynq_z1_1.sdk/lab1_prebuilt/Release/_sds/p0/vivado/prj/prj.runs/pynq_z1_s00_regslice_1_synth_1" FlowId="Vivado_Synthesis" FromStepId="vivado" ToStepId="vivado"/>
	<Run Id="pynq_z1_s00_data_fifo_1_synth_1" LaunchDir="C:/xup/SDSoC/pynq_z1_platform_source/pynq_z1/pynq_z1_1.sdk/lab1_prebuilt/Release/_sds/p0/vivado/prj/prj.runs/pynq_z1_s00_data_fifo_1_synth_1" FlowId="Vivado_Synthesis" FromStepId="vivado" ToStepId="vivado"/>
	<Run Id="pynq_z1_m01_regslice_0_synth_1" LaunchDir="C:/xup/SDSoC/pynq_z1_platform_source/pynq_z1/pynq_z1_1.sdk/lab1_prebuilt/Release/_sds/p0/vivado/prj/prj.runs/pynq_z1_m01_regslice_0_synth_1" FlowId="Vivado_Synthesis" FromStepId="vivado" ToStepId="vivado"/>
	<Run Id="pynq_z1_m00_regslice_0_synth_1" LaunchDir="C:/xup/SDSoC/pynq_z1_platform_source/pynq_z1/pynq_z1_1.sdk/lab1_prebuilt/Release/_sds/p0/vivado/prj/prj.runs/pynq_z1_m00_regslice_0_synth_1" FlowId="Vivado_Synthesis" FromStepId="vivado" ToStepId="vivado"/>
	<Run Id="pynq_z1_auto_pc_0_synth_1" LaunchDir="C:/xup/SDSoC/pynq_z1_platform_source/pynq_z1/pynq_z1_1.sdk/lab1_prebuilt/Release/_sds/p0/vivado/prj/prj.runs/pynq_z1_auto_pc_0_synth_1" FlowId="Vivado_Synthesis" FromStepId="vivado" ToStepId="vivado"/>
	<Run Id="pynq_z1_xlconcat_0_0_synth_1" LaunchDir="C:/xup/SDSoC/pynq_z1_platform_source/pynq_z1/pynq_z1_1.sdk/lab1_prebuilt/Release/_sds/p0/vivado/prj/prj.runs/pynq_z1_xlconcat_0_0_synth_1" FlowId="Vivado_Synthesis" FromStepId="vivado" ToStepId="vivado"/>
	<Run Id="pynq_z1_ps7_0_0_synth_1" LaunchDir="C:/xup/SDSoC/pynq_z1_platform_source/pynq_z1/pynq_z1_1.sdk/lab1_prebuilt/Release/_sds/p0/vivado/prj/prj.runs/pynq_z1_ps7_0_0_synth_1" FlowId="Vivado_Synthesis" FromStepId="vivado" ToStepId="vivado"/>
	<Run Id="synth_1" LaunchDir="C:/xup/SDSoC/pynq_z1_platform_source/pynq_z1/pynq_z1_1.sdk/lab1_prebuilt/Release/_sds/p0/vivado/prj/prj.runs/synth_1" FlowId="Vivado_Synthesis" FromStepId="vivado" ToStepId="vivado">
		<Parent Id="pynq_z1_sgdma2axis_dm_0_0_synth_1"/>
		<Parent Id="pynq_z1_dataflow_1_0_synth_1"/>
		<Parent Id="pynq_z1_dm_0_0_synth_1"/>
		<Parent Id="pynq_z1_dataflow_1_if_0_synth_1"/>
		<Parent Id="pynq_z1_axis2sgdma_dm_0_0_synth_1"/>
		<Parent Id="pynq_z1_m00_data_fifo_0_synth_1"/>
		<Parent Id="pynq_z1_auto_pc_1_synth_1"/>
		<Parent Id="pynq_z1_sds_irq_const_0_synth_1"/>
		<Parent Id="pynq_z1_s02_regslice_0_synth_1"/>
		<Parent Id="pynq_z1_xbar_0_synth_1"/>
		<Parent Id="pynq_z1_axis_dwc_dm_0_tx_0_0_synth_1"/>
		<Parent Id="pynq_z1_s00_regslice_2_synth_1"/>
		<Parent Id="pynq_z1_auto_ss_slid_0_synth_1"/>
		<Parent Id="pynq_z1_m00_regslice_1_synth_1"/>
		<Parent Id="pynq_z1_axcache_0x2_0_synth_1"/>
		<Parent Id="pynq_z1_s01_regslice_0_synth_1"/>
		<Parent Id="pynq_z1_auto_us_df_0_synth_1"/>
		<Parent Id="pynq_z1_s01_data_fifo_0_synth_1"/>
		<Parent Id="pynq_z1_axcache_0xE_0_synth_1"/>
		<Parent Id="pynq_z1_axis_dwc_dm_0_rx_0_0_synth_1"/>
		<Parent Id="pynq_z1_xbar_1_synth_1"/>
		<Parent Id="pynq_z1_s00_regslice_0_synth_1"/>
		<Parent Id="pynq_z1_s00_data_fifo_0_synth_1"/>
		<Parent Id="pynq_z1_s00_regslice_1_synth_1"/>
		<Parent Id="pynq_z1_s00_data_fifo_1_synth_1"/>
		<Parent Id="pynq_z1_m01_regslice_0_synth_1"/>
		<Parent Id="pynq_z1_m00_regslice_0_synth_1"/>
		<Parent Id="pynq_z1_auto_pc_0_synth_1"/>
		<Parent Id="pynq_z1_xlconcat_0_0_synth_1"/>
		<Parent Id="pynq_z1_ps7_0_0_synth_1"/>
	</Run>
</Runs>

