{"sourceFile": [{
      "name": "",
      "directive": [
        {
          "functionName": "dataflow",
          "label": "",
          "functionLabel": "",
          "pragma": {
            "name": "INTERFACE",
            "option": [
              {
                "name": "ap_fifo",
                "value": "",
                "positionalBoolean": "mode"
              },
              {
                "name": "port",
                "value": "a",
                "positionalBoolean": "4"
              }
            ]
          }
        },
        {
          "functionName": "dataflow",
          "label": "",
          "functionLabel": "",
          "pragma": {
            "name": "INTERFACE",
            "option": [
              {
                "name": "ap_fifo",
                "value": "",
                "positionalBoolean": "mode"
              },
              {
                "name": "port",
                "value": "b",
                "positionalBoolean": "4"
              }
            ]
          }
        },
        {
          "functionName": "dataflow",
          "label": "",
          "functionLabel": "",
          "pragma": {
            "name": "LATENCY",
            "option": [{
                "name": "min",
                "value": "1"
              }]
          }
        }
      ]
    }]}
