<?xml version="1.0"?>
<cf:model cf:cpu="cortex_a9" cf:partition="0" cf:prefix="_p0_" cf:name="top" xd:type="design" xmlns:xd="http://www.xilinx.com/xd" xmlns:cf="http://www.xilinx.com/connections">
  <cf:block cf:name="hwblk_sharpen_filter">
    <cf:port cf:name="cmd_sharpen_filter" cf:portType="stream" cf:direction="in"/>
    <cf:port cf:name="input_r" cf:portType="stream" cf:direction="in"/>
    <cf:port cf:name="output_r" cf:portType="stream" cf:direction="out"/>
  </cf:block>
  <cf:block cf:name="swblk_sharpen_filter">
    <cf:port cf:name="cmd_sharpen_filter" cf:portType="stream" cf:direction="out"/>
    <cf:port cf:name="input_r" cf:portType="stream" cf:direction="out"/>
    <cf:port cf:name="output_r" cf:portType="stream" cf:direction="in"/>
  </cf:block>
  <cf:comp cf:name="pynq_z1" xd:componentRef="pynq_z1" xd:clockId="0"/>
  <cf:comp cf:name="dm_0" xd:componentRef="axi_dma"/>
  <cf:comp cf:name="dm_1" xd:componentRef="axi_dma"/>
  <cf:comp cf:name="sharpen_filter_1" xd:componentRef="sharpen_filter" xd:clockId="0"/>
  <cf:instance cf:name="hwinst_sharpen_filter_1" cf:blockName="hwblk_sharpen_filter" cf:compName="sharpen_filter_1">
    <cf:portMap cf:blockPort="cmd_sharpen_filter" cf:compPort="ap_ctrl" xd:register="0x8"/>
    <cf:portMap cf:blockPort="input_r" cf:compPort="input_r" xd:paddedWidth="8"/>
    <cf:portMap cf:blockPort="output_r" cf:compPort="output_r" xd:paddedWidth="8"/>
  </cf:instance>
  <cf:instance cf:name="swinst_sharpen_filter_1" cf:blockName="swblk_sharpen_filter" cf:compName="pynq_z1">
    <cf:portMap cf:blockPort="cmd_sharpen_filter" cf:compPort="ps7_0_M_AXI_GP0"/>
    <cf:portMap cf:blockPort="input_r" cf:compPort="ps7_0_S_AXI_ACP"/>
    <cf:portMap cf:blockPort="output_r" cf:compPort="ps7_0_S_AXI_ACP"/>
  </cf:instance>
  <cf:connection cf:srcInst="swinst_sharpen_filter_1" cf:srcPort="cmd_sharpen_filter" cf:dstInst="hwinst_sharpen_filter_1" cf:dstPort="cmd_sharpen_filter">
    <cf:dataMover cf:compName="pynq_z1" cf:softwareLib="axi_lite"/>
  </cf:connection>
  <cf:connection cf:srcInst="swinst_sharpen_filter_1" cf:srcPort="input_r" cf:dstInst="hwinst_sharpen_filter_1" cf:dstPort="input_r">
    <cf:dataMover cf:compName="dm_0" cf:softwareLib="axi_dma_simple"/>
  </cf:connection>
  <cf:connection cf:srcInst="hwinst_sharpen_filter_1" cf:srcPort="output_r" cf:dstInst="swinst_sharpen_filter_1" cf:dstPort="output_r">
    <cf:dataMover cf:compName="dm_1" cf:softwareLib="axi_dma_simple"/>
  </cf:connection>
</cf:model>
