<stg><name>dataflow</name>


<trans_list>

<trans id="18" from="1" to="2">
<condition id="0">
<or_exp><and_exp></and_exp></or_exp>
</condition>
</trans>

<trans id="19" from="2" to="3">
<condition id="1">
<or_exp><and_exp></and_exp></or_exp>
</condition>
</trans>

<trans id="20" from="3" to="4">
<condition id="2">
<or_exp><and_exp></and_exp></or_exp>
</condition>
</trans>
</trans_list>



<state_list>

<state id="1" st_id="1">

<operation id="5" st_id="1" stage="1" lat="1">
<core>NULL</core>
<MemPortIdVec></MemPortIdVec>
<condition id="-1">
<or_exp><and_exp></and_exp></or_exp>
</condition>

<Node id="7" bw="16" op_0_bw="32">
<![CDATA[
codeRepl:4  %p_int = alloca [32 x i16], align 2

]]></Node>
<StgValue><ssdm name="p_int"/><MemPortTyVec>2 3 </MemPortTyVec>
</StgValue>
</operation>

<operation id="6" st_id="1" stage="2" lat="2">
<core></core>
<MemPortIdVec></MemPortIdVec>
<condition id="-1">
<or_exp><and_exp></and_exp></or_exp>
</condition>

<Node id="11" bw="0" op_0_bw="0" op_1_bw="16" op_2_bw="16">
<![CDATA[
codeRepl:8  call fastcc void @Loop_1_proc(i16* %a, [32 x i16]* %p_int)

]]></Node>
<StgValue><ssdm name=""/></StgValue>
</operation>
</state>

<state id="2" st_id="2">

<operation id="7" st_id="2" stage="1" lat="2">
<core></core>
<MemPortIdVec></MemPortIdVec>
<condition id="-1">
<or_exp><and_exp></and_exp></or_exp>
</condition>

<Node id="11" bw="0" op_0_bw="0" op_1_bw="16" op_2_bw="16">
<![CDATA[
codeRepl:8  call fastcc void @Loop_1_proc(i16* %a, [32 x i16]* %p_int)

]]></Node>
<StgValue><ssdm name=""/></StgValue>
</operation>
</state>

<state id="3" st_id="3">

<operation id="8" st_id="3" stage="2" lat="2">
<core></core>
<MemPortIdVec></MemPortIdVec>
<condition id="-1">
<or_exp><and_exp></and_exp></or_exp>
</condition>

<Node id="12" bw="0" op_0_bw="0" op_1_bw="16" op_2_bw="16">
<![CDATA[
codeRepl:9  call fastcc void @Loop_2_proc([32 x i16]* %p_int, i16* %b)

]]></Node>
<StgValue><ssdm name=""/></StgValue>
</operation>
</state>

<state id="4" st_id="4">

<operation id="9" st_id="4" stage="1" lat="1">
<core>NULL</core>
<MemPortIdVec></MemPortIdVec>
<condition id="-1">
<or_exp><and_exp></and_exp></or_exp>
</condition>

<Node id="3" bw="0" op_0_bw="0" op_1_bw="32" op_2_bw="0">
<![CDATA[
codeRepl:0  call void (...)* @_ssdm_op_SpecDataflowPipeline(i32 -1, [1 x i8]* @p_str1) nounwind

]]></Node>
<StgValue><ssdm name=""/></StgValue>
</operation>

<operation id="10" st_id="4" stage="1" lat="1">
<core>NULL</core>
<MemPortIdVec></MemPortIdVec>
<condition id="-1">
<or_exp><and_exp></and_exp></or_exp>
</condition>

<Node id="4" bw="0" op_0_bw="0" op_1_bw="16">
<![CDATA[
codeRepl:1  call void (...)* @_ssdm_op_SpecBitsMap(i16* %a) nounwind, !map !20

]]></Node>
<StgValue><ssdm name=""/></StgValue>
</operation>

<operation id="11" st_id="4" stage="1" lat="1">
<core>NULL</core>
<MemPortIdVec></MemPortIdVec>
<condition id="-1">
<or_exp><and_exp></and_exp></or_exp>
</condition>

<Node id="5" bw="0" op_0_bw="0" op_1_bw="16">
<![CDATA[
codeRepl:2  call void (...)* @_ssdm_op_SpecBitsMap(i16* %b) nounwind, !map !26

]]></Node>
<StgValue><ssdm name=""/></StgValue>
</operation>

<operation id="12" st_id="4" stage="1" lat="1">
<core>NULL</core>
<MemPortIdVec></MemPortIdVec>
<condition id="-1">
<or_exp><and_exp></and_exp></or_exp>
</condition>

<Node id="6" bw="0" op_0_bw="0" op_1_bw="0">
<![CDATA[
codeRepl:3  call void (...)* @_ssdm_op_SpecTopModule([9 x i8]* @dataflow_str) nounwind

]]></Node>
<StgValue><ssdm name=""/></StgValue>
</operation>

<operation id="13" st_id="4" stage="1" lat="1">
<core>NULL</core>
<MemPortIdVec></MemPortIdVec>
<condition id="-1">
<or_exp><and_exp></and_exp></or_exp>
</condition>

<Node id="8" bw="0" op_0_bw="0" op_1_bw="16" op_2_bw="0" op_3_bw="32" op_4_bw="32" op_5_bw="0" op_6_bw="32" op_7_bw="32" op_8_bw="0" op_9_bw="0" op_10_bw="0" op_11_bw="32" op_12_bw="32" op_13_bw="32" op_14_bw="32" op_15_bw="0" op_16_bw="0">
<![CDATA[
codeRepl:5  call void (...)* @_ssdm_op_SpecInterface(i16* %a, [8 x i8]* @p_str, i32 0, i32 0, [1 x i8]* @p_str1, i32 0, i32 0, [1 x i8]* @p_str1, [1 x i8]* @p_str1, [1 x i8]* @p_str1, i32 0, i32 0, i32 0, i32 0, [1 x i8]* @p_str1, [1 x i8]* @p_str1)

]]></Node>
<StgValue><ssdm name=""/></StgValue>
</operation>

<operation id="14" st_id="4" stage="1" lat="1">
<core>NULL</core>
<MemPortIdVec></MemPortIdVec>
<condition id="-1">
<or_exp><and_exp></and_exp></or_exp>
</condition>

<Node id="9" bw="0" op_0_bw="0" op_1_bw="16" op_2_bw="0" op_3_bw="32" op_4_bw="32" op_5_bw="0" op_6_bw="32" op_7_bw="32" op_8_bw="0" op_9_bw="0" op_10_bw="0" op_11_bw="32" op_12_bw="32" op_13_bw="32" op_14_bw="32" op_15_bw="0" op_16_bw="0">
<![CDATA[
codeRepl:6  call void (...)* @_ssdm_op_SpecInterface(i16* %b, [8 x i8]* @p_str, i32 0, i32 0, [1 x i8]* @p_str1, i32 0, i32 0, [1 x i8]* @p_str1, [1 x i8]* @p_str1, [1 x i8]* @p_str1, i32 0, i32 0, i32 0, i32 0, [1 x i8]* @p_str1, [1 x i8]* @p_str1)

]]></Node>
<StgValue><ssdm name=""/></StgValue>
</operation>

<operation id="15" st_id="4" stage="1" lat="1">
<core>NULL</core>
<MemPortIdVec></MemPortIdVec>
<condition id="-1">
<or_exp><and_exp></and_exp></or_exp>
</condition>

<Node id="10" bw="0" op_0_bw="0" op_1_bw="32" op_2_bw="32" op_3_bw="0">
<![CDATA[
codeRepl:7  call void (...)* @_ssdm_op_SpecLatency(i32 1, i32 65535, [1 x i8]* @p_str1) nounwind

]]></Node>
<StgValue><ssdm name=""/></StgValue>
</operation>

<operation id="16" st_id="4" stage="1" lat="2">
<core></core>
<MemPortIdVec></MemPortIdVec>
<condition id="-1">
<or_exp><and_exp></and_exp></or_exp>
</condition>

<Node id="12" bw="0" op_0_bw="0" op_1_bw="16" op_2_bw="16">
<![CDATA[
codeRepl:9  call fastcc void @Loop_2_proc([32 x i16]* %p_int, i16* %b)

]]></Node>
<StgValue><ssdm name=""/></StgValue>
</operation>

<operation id="17" st_id="4" stage="1" lat="1">
<core>NULL</core>
<MemPortIdVec></MemPortIdVec>
<condition id="-1">
<or_exp><and_exp></and_exp></or_exp>
</condition>

<Node id="13" bw="0">
<![CDATA[
codeRepl:10  ret void

]]></Node>
<StgValue><ssdm name=""/></StgValue>
</operation>
</state>
</state_list>


<ports>
<port id="22" name="a" dir="0" iftype="3">
<core>FIFO</core><StgValue><ssdm name="a"/></StgValue>
</port>
<port id="23" name="b" dir="1" iftype="3">
<core>FIFO</core><StgValue><ssdm name="b"/></StgValue>
</port>
</ports>


<dataflows>
<dataflow id="25" from="StgValue_24" to="p_int" fromId="24" toId="5">
</dataflow>
<dataflow id="27" from="Loop_1_proc" to="StgValue_6" fromId="26" toId="6">
</dataflow>
<dataflow id="28" from="a" to="StgValue_6" fromId="22" toId="6">
</dataflow>
<dataflow id="29" from="p_int" to="StgValue_6" fromId="5" toId="6">
</dataflow>
<dataflow id="30" from="Loop_1_proc" to="StgValue_7" fromId="26" toId="7">
</dataflow>
<dataflow id="31" from="a" to="StgValue_7" fromId="22" toId="7">
</dataflow>
<dataflow id="32" from="p_int" to="StgValue_7" fromId="5" toId="7">
</dataflow>
<dataflow id="34" from="Loop_2_proc" to="StgValue_8" fromId="33" toId="8">
</dataflow>
<dataflow id="35" from="p_int" to="StgValue_8" fromId="5" toId="8">
</dataflow>
<dataflow id="36" from="b" to="StgValue_8" fromId="23" toId="8">
</dataflow>
<dataflow id="38" from="_ssdm_op_SpecDataflowPipeline" to="StgValue_9" fromId="37" toId="9">
</dataflow>
<dataflow id="40" from="StgValue_39" to="StgValue_9" fromId="39" toId="9">
</dataflow>
<dataflow id="42" from="p_str1" to="StgValue_9" fromId="41" toId="9">
</dataflow>
<dataflow id="44" from="_ssdm_op_SpecBitsMap" to="StgValue_10" fromId="43" toId="10">
</dataflow>
<dataflow id="45" from="a" to="StgValue_10" fromId="22" toId="10">
</dataflow>
<dataflow id="46" from="_ssdm_op_SpecBitsMap" to="StgValue_11" fromId="43" toId="11">
</dataflow>
<dataflow id="47" from="b" to="StgValue_11" fromId="23" toId="11">
</dataflow>
<dataflow id="49" from="_ssdm_op_SpecTopModule" to="StgValue_12" fromId="48" toId="12">
</dataflow>
<dataflow id="51" from="dataflow_str" to="StgValue_12" fromId="50" toId="12">
</dataflow>
<dataflow id="53" from="_ssdm_op_SpecInterface" to="StgValue_13" fromId="52" toId="13">
</dataflow>
<dataflow id="54" from="a" to="StgValue_13" fromId="22" toId="13">
</dataflow>
<dataflow id="56" from="p_str" to="StgValue_13" fromId="55" toId="13">
</dataflow>
<dataflow id="58" from="StgValue_57" to="StgValue_13" fromId="57" toId="13">
</dataflow>
<dataflow id="59" from="StgValue_57" to="StgValue_13" fromId="57" toId="13">
</dataflow>
<dataflow id="60" from="p_str1" to="StgValue_13" fromId="41" toId="13">
</dataflow>
<dataflow id="61" from="StgValue_57" to="StgValue_13" fromId="57" toId="13">
</dataflow>
<dataflow id="62" from="StgValue_57" to="StgValue_13" fromId="57" toId="13">
</dataflow>
<dataflow id="63" from="p_str1" to="StgValue_13" fromId="41" toId="13">
</dataflow>
<dataflow id="64" from="p_str1" to="StgValue_13" fromId="41" toId="13">
</dataflow>
<dataflow id="65" from="p_str1" to="StgValue_13" fromId="41" toId="13">
</dataflow>
<dataflow id="66" from="StgValue_57" to="StgValue_13" fromId="57" toId="13">
</dataflow>
<dataflow id="67" from="StgValue_57" to="StgValue_13" fromId="57" toId="13">
</dataflow>
<dataflow id="68" from="StgValue_57" to="StgValue_13" fromId="57" toId="13">
</dataflow>
<dataflow id="69" from="StgValue_57" to="StgValue_13" fromId="57" toId="13">
</dataflow>
<dataflow id="70" from="p_str1" to="StgValue_13" fromId="41" toId="13">
</dataflow>
<dataflow id="71" from="p_str1" to="StgValue_13" fromId="41" toId="13">
</dataflow>
<dataflow id="72" from="_ssdm_op_SpecInterface" to="StgValue_14" fromId="52" toId="14">
</dataflow>
<dataflow id="73" from="b" to="StgValue_14" fromId="23" toId="14">
</dataflow>
<dataflow id="74" from="p_str" to="StgValue_14" fromId="55" toId="14">
</dataflow>
<dataflow id="75" from="StgValue_57" to="StgValue_14" fromId="57" toId="14">
</dataflow>
<dataflow id="76" from="StgValue_57" to="StgValue_14" fromId="57" toId="14">
</dataflow>
<dataflow id="77" from="p_str1" to="StgValue_14" fromId="41" toId="14">
</dataflow>
<dataflow id="78" from="StgValue_57" to="StgValue_14" fromId="57" toId="14">
</dataflow>
<dataflow id="79" from="StgValue_57" to="StgValue_14" fromId="57" toId="14">
</dataflow>
<dataflow id="80" from="p_str1" to="StgValue_14" fromId="41" toId="14">
</dataflow>
<dataflow id="81" from="p_str1" to="StgValue_14" fromId="41" toId="14">
</dataflow>
<dataflow id="82" from="p_str1" to="StgValue_14" fromId="41" toId="14">
</dataflow>
<dataflow id="83" from="StgValue_57" to="StgValue_14" fromId="57" toId="14">
</dataflow>
<dataflow id="84" from="StgValue_57" to="StgValue_14" fromId="57" toId="14">
</dataflow>
<dataflow id="85" from="StgValue_57" to="StgValue_14" fromId="57" toId="14">
</dataflow>
<dataflow id="86" from="StgValue_57" to="StgValue_14" fromId="57" toId="14">
</dataflow>
<dataflow id="87" from="p_str1" to="StgValue_14" fromId="41" toId="14">
</dataflow>
<dataflow id="88" from="p_str1" to="StgValue_14" fromId="41" toId="14">
</dataflow>
<dataflow id="90" from="_ssdm_op_SpecLatency" to="StgValue_15" fromId="89" toId="15">
</dataflow>
<dataflow id="91" from="StgValue_24" to="StgValue_15" fromId="24" toId="15">
</dataflow>
<dataflow id="93" from="StgValue_92" to="StgValue_15" fromId="92" toId="15">
</dataflow>
<dataflow id="94" from="p_str1" to="StgValue_15" fromId="41" toId="15">
</dataflow>
<dataflow id="95" from="Loop_2_proc" to="StgValue_16" fromId="33" toId="16">
</dataflow>
<dataflow id="96" from="p_int" to="StgValue_16" fromId="5" toId="16">
</dataflow>
<dataflow id="97" from="b" to="StgValue_16" fromId="23" toId="16">
</dataflow>
</dataflows>


</stg>
