<stg><name>Loop_1_proc</name>


<trans_list>

<trans id="16" from="1" to="2">
<condition id="7">
<or_exp><and_exp></and_exp></or_exp>
</condition>
</trans>

<trans id="17" from="2" to="2">
<condition id="9">
<or_exp><and_exp><literal name="exitcond_i_i" val="0"/>
</and_exp></or_exp>
</condition>
</trans>
</trans_list>



<state_list>

<state id="1" st_id="1">

<operation id="3" st_id="1" stage="1" lat="1">
<core>NULL</core>
<MemPortIdVec></MemPortIdVec>
<condition id="0">
<or_exp><and_exp></and_exp></or_exp>
</condition>

<Node id="3" bw="0" op_0_bw="0" op_1_bw="16" op_2_bw="0" op_3_bw="32" op_4_bw="32" op_5_bw="0" op_6_bw="32" op_7_bw="32" op_8_bw="0" op_9_bw="0" op_10_bw="0" op_11_bw="32" op_12_bw="32" op_13_bw="32" op_14_bw="32" op_15_bw="0" op_16_bw="0">
<![CDATA[
newFuncRoot:0  call void (...)* @_ssdm_op_SpecInterface(i16* %a, [8 x i8]* @p_str, i32 0, i32 0, [1 x i8]* @p_str1, i32 0, i32 0, [1 x i8]* @p_str1, [1 x i8]* @p_str1, [1 x i8]* @p_str1, i32 0, i32 0, i32 0, i32 0, [1 x i8]* @p_str1, [1 x i8]* @p_str1)

]]></Node>
<StgValue><ssdm name=""/></StgValue>
</operation>

<operation id="4" st_id="1" stage="1" lat="1">
<core>NULL</core>
<MemPortIdVec></MemPortIdVec>
<condition id="0">
<or_exp><and_exp></and_exp></or_exp>
</condition>

<Node id="4" bw="0" op_0_bw="0">
<![CDATA[
newFuncRoot:1  br label %0

]]></Node>
<StgValue><ssdm name=""/></StgValue>
</operation>
</state>

<state id="2" st_id="2">

<operation id="5" st_id="2" stage="1" lat="1">
<core>NULL</core>
<MemPortIdVec></MemPortIdVec>
<condition id="1">
<or_exp><and_exp></and_exp></or_exp>
</condition>

<Node id="6" bw="6" op_0_bw="6" op_1_bw="0">
<![CDATA[
:0  %i_0_i_i = phi i6 [ 0, %newFuncRoot ], [ %i, %1 ]

]]></Node>
<StgValue><ssdm name="i_0_i_i"/></StgValue>
</operation>

<operation id="6" st_id="2" stage="1" lat="1">
<core>NULL</core>
<MemPortIdVec></MemPortIdVec>
<condition id="1">
<or_exp><and_exp></and_exp></or_exp>
</condition>

<Node id="7" bw="32" op_0_bw="6">
<![CDATA[
:1  %i_0_i_i_cast6 = zext i6 %i_0_i_i to i32

]]></Node>
<StgValue><ssdm name="i_0_i_i_cast6"/></StgValue>
</operation>

<operation id="7" st_id="2" stage="1" lat="1">
<core>Cmp</core>
<MemPortIdVec></MemPortIdVec>
<condition id="1">
<or_exp><and_exp></and_exp></or_exp>
</condition>

<Node id="8" bw="1" op_0_bw="6" op_1_bw="6">
<![CDATA[
:2  %exitcond_i_i = icmp eq i6 %i_0_i_i, -32

]]></Node>
<StgValue><ssdm name="exitcond_i_i"/></StgValue>
</operation>

<operation id="8" st_id="2" stage="1" lat="1">
<core>NULL</core>
<MemPortIdVec></MemPortIdVec>
<condition id="1">
<or_exp><and_exp></and_exp></or_exp>
</condition>

<Node id="9" bw="32" op_0_bw="32" op_1_bw="64" op_2_bw="64" op_3_bw="64">
<![CDATA[
:3  %empty = call i32 (...)* @_ssdm_op_SpecLoopTripCount(i64 32, i64 32, i64 32) nounwind

]]></Node>
<StgValue><ssdm name="empty"/></StgValue>
</operation>

<operation id="9" st_id="2" stage="1" lat="1">
<core>AddSub</core>
<MemPortIdVec></MemPortIdVec>
<condition id="1">
<or_exp><and_exp></and_exp></or_exp>
</condition>

<Node id="10" bw="6" op_0_bw="6" op_1_bw="6">
<![CDATA[
:4  %i = add i6 %i_0_i_i, 1

]]></Node>
<StgValue><ssdm name="i"/></StgValue>
</operation>

<operation id="10" st_id="2" stage="1" lat="1">
<core>NULL</core>
<MemPortIdVec></MemPortIdVec>
<condition id="1">
<or_exp><and_exp></and_exp></or_exp>
</condition>

<Node id="11" bw="0" op_0_bw="1" op_1_bw="0" op_2_bw="0">
<![CDATA[
:5  br i1 %exitcond_i_i, label %.preheader.exitStub, label %1

]]></Node>
<StgValue><ssdm name=""/></StgValue>
</operation>

<operation id="11" st_id="2" stage="1" lat="1">
<core>FIFO</core>
<MemPortIdVec></MemPortIdVec>
<condition id="3">
<or_exp><and_exp><literal name="exitcond_i_i" val="0"/>
</and_exp></or_exp>
</condition>

<Node id="13" bw="16" op_0_bw="16" op_1_bw="16">
<![CDATA[
:0  %a_read = call i16 @_ssdm_op_Read.ap_fifo.volatile.i16P(i16* %a) nounwind

]]></Node>
<StgValue><ssdm name="a_read"/></StgValue>
</operation>

<operation id="12" st_id="2" stage="1" lat="1">
<core>NULL</core>
<MemPortIdVec></MemPortIdVec>
<condition id="3">
<or_exp><and_exp><literal name="exitcond_i_i" val="0"/>
</and_exp></or_exp>
</condition>

<Node id="14" bw="5" op_0_bw="16" op_1_bw="32" op_2_bw="32">
<![CDATA[
:1  %p_int_addr = getelementptr inbounds [32 x i16]* %p_int, i32 0, i32 %i_0_i_i_cast6

]]></Node>
<StgValue><ssdm name="p_int_addr"/></StgValue>
</operation>

<operation id="13" st_id="2" stage="1" lat="1">
<core>RAM</core>
<MemPortIdVec></MemPortIdVec>
<condition id="3">
<or_exp><and_exp><literal name="exitcond_i_i" val="0"/>
</and_exp></or_exp>
</condition>

<Node id="15" bw="0" op_0_bw="16" op_1_bw="5">
<![CDATA[
:2  store i16 %a_read, i16* %p_int_addr, align 2

]]></Node>
<StgValue><ssdm name=""/></StgValue>
</operation>

<operation id="14" st_id="2" stage="1" lat="1">
<core>NULL</core>
<MemPortIdVec></MemPortIdVec>
<condition id="3">
<or_exp><and_exp><literal name="exitcond_i_i" val="0"/>
</and_exp></or_exp>
</condition>

<Node id="16" bw="0" op_0_bw="0">
<![CDATA[
:3  br label %0

]]></Node>
<StgValue><ssdm name=""/></StgValue>
</operation>

<operation id="15" st_id="2" stage="1" lat="1">
<core>NULL</core>
<MemPortIdVec></MemPortIdVec>
<condition id="5">
<or_exp><and_exp><literal name="exitcond_i_i" val="1"/>
</and_exp></or_exp>
</condition>

<Node id="18" bw="0">
<![CDATA[
.preheader.exitStub:0  ret void

]]></Node>
<StgValue><ssdm name=""/></StgValue>
</operation>
</state>
</state_list>


<ports>
</ports>


<dataflows>
</dataflows>


</stg>
