<stg><name>Loop_2_proc</name>


<trans_list>

<trans id="18" from="1" to="2">
<condition id="8">
<or_exp><and_exp></and_exp></or_exp>
</condition>
</trans>

<trans id="19" from="2" to="3">
<condition id="9">
<or_exp><and_exp><literal name="tmp" val="0"/>
</and_exp></or_exp>
</condition>
</trans>

<trans id="21" from="3" to="2">
<condition id="12">
<or_exp><and_exp></and_exp></or_exp>
</condition>
</trans>
</trans_list>



<state_list>

<state id="1" st_id="1">

<operation id="4" st_id="1" stage="1" lat="1">
<core>NULL</core>
<MemPortIdVec></MemPortIdVec>
<condition id="0">
<or_exp><and_exp></and_exp></or_exp>
</condition>

<Node id="3" bw="0" op_0_bw="0" op_1_bw="16" op_2_bw="0" op_3_bw="32" op_4_bw="32" op_5_bw="0" op_6_bw="32" op_7_bw="32" op_8_bw="0" op_9_bw="0" op_10_bw="0" op_11_bw="32" op_12_bw="32" op_13_bw="32" op_14_bw="32" op_15_bw="0" op_16_bw="0">
<![CDATA[
newFuncRoot:0  call void (...)* @_ssdm_op_SpecInterface(i16* %b, [8 x i8]* @p_str, i32 0, i32 0, [1 x i8]* @p_str1, i32 0, i32 0, [1 x i8]* @p_str1, [1 x i8]* @p_str1, [1 x i8]* @p_str1, i32 0, i32 0, i32 0, i32 0, [1 x i8]* @p_str1, [1 x i8]* @p_str1)

]]></Node>
<StgValue><ssdm name=""/></StgValue>
</operation>

<operation id="5" st_id="1" stage="1" lat="1">
<core>NULL</core>
<MemPortIdVec></MemPortIdVec>
<condition id="0">
<or_exp><and_exp></and_exp></or_exp>
</condition>

<Node id="4" bw="0" op_0_bw="0">
<![CDATA[
newFuncRoot:1  br label %.preheader

]]></Node>
<StgValue><ssdm name=""/></StgValue>
</operation>
</state>

<state id="2" st_id="2">

<operation id="6" st_id="2" stage="1" lat="1">
<core>NULL</core>
<MemPortIdVec></MemPortIdVec>
<condition id="1">
<or_exp><and_exp></and_exp></or_exp>
</condition>

<Node id="6" bw="5" op_0_bw="5" op_1_bw="0">
<![CDATA[
.preheader:0  %i1 = phi i5 [ %i, %0 ], [ -1, %newFuncRoot ]

]]></Node>
<StgValue><ssdm name="i1"/></StgValue>
</operation>

<operation id="7" st_id="2" stage="1" lat="1">
<core>NULL</core>
<MemPortIdVec></MemPortIdVec>
<condition id="1">
<or_exp><and_exp></and_exp></or_exp>
</condition>

<Node id="7" bw="32" op_0_bw="5">
<![CDATA[
.preheader:1  %i1_cast5 = zext i5 %i1 to i32

]]></Node>
<StgValue><ssdm name="i1_cast5"/></StgValue>
</operation>

<operation id="8" st_id="2" stage="1" lat="1">
<core>Cmp</core>
<MemPortIdVec></MemPortIdVec>
<condition id="1">
<or_exp><and_exp></and_exp></or_exp>
</condition>

<Node id="8" bw="1" op_0_bw="5" op_1_bw="5">
<![CDATA[
.preheader:2  %tmp = icmp eq i5 %i1, 0

]]></Node>
<StgValue><ssdm name="tmp"/></StgValue>
</operation>

<operation id="9" st_id="2" stage="1" lat="1">
<core>NULL</core>
<MemPortIdVec></MemPortIdVec>
<condition id="1">
<or_exp><and_exp></and_exp></or_exp>
</condition>

<Node id="9" bw="32" op_0_bw="32" op_1_bw="64" op_2_bw="64" op_3_bw="64">
<![CDATA[
.preheader:3  %empty = call i32 (...)* @_ssdm_op_SpecLoopTripCount(i64 31, i64 31, i64 31) nounwind

]]></Node>
<StgValue><ssdm name="empty"/></StgValue>
</operation>

<operation id="10" st_id="2" stage="1" lat="1">
<core>NULL</core>
<MemPortIdVec></MemPortIdVec>
<condition id="1">
<or_exp><and_exp></and_exp></or_exp>
</condition>

<Node id="10" bw="0" op_0_bw="1" op_1_bw="0" op_2_bw="0">
<![CDATA[
.preheader:4  br i1 %tmp, label %.exitStub, label %0

]]></Node>
<StgValue><ssdm name=""/></StgValue>
</operation>

<operation id="11" st_id="2" stage="1" lat="1">
<core>NULL</core>
<MemPortIdVec></MemPortIdVec>
<condition id="3">
<or_exp><and_exp><literal name="tmp" val="0"/>
</and_exp></or_exp>
</condition>

<Node id="12" bw="5" op_0_bw="16" op_1_bw="32" op_2_bw="32">
<![CDATA[
:0  %p_int_addr = getelementptr inbounds [32 x i16]* %p_int, i32 0, i32 %i1_cast5

]]></Node>
<StgValue><ssdm name="p_int_addr"/></StgValue>
</operation>

<operation id="12" st_id="2" stage="2" lat="2">
<core>RAM</core>
<MemPortIdVec>0 </MemPortIdVec>
<condition id="3">
<or_exp><and_exp><literal name="tmp" val="0"/>
</and_exp></or_exp>
</condition>

<Node id="13" bw="16" op_0_bw="5">
<![CDATA[
:1  %p_int_load = load i16* %p_int_addr, align 2

]]></Node>
<StgValue><ssdm name="p_int_load"/></StgValue>
</operation>

<operation id="13" st_id="2" stage="1" lat="1">
<core>AddSub</core>
<MemPortIdVec></MemPortIdVec>
<condition id="3">
<or_exp><and_exp><literal name="tmp" val="0"/>
</and_exp></or_exp>
</condition>

<Node id="15" bw="5" op_0_bw="5" op_1_bw="5">
<![CDATA[
:3  %i = add i5 %i1, -1

]]></Node>
<StgValue><ssdm name="i"/></StgValue>
</operation>

<operation id="14" st_id="2" stage="1" lat="1">
<core>NULL</core>
<MemPortIdVec></MemPortIdVec>
<condition id="5">
<or_exp><and_exp><literal name="tmp" val="1"/>
</and_exp></or_exp>
</condition>

<Node id="18" bw="0">
<![CDATA[
.exitStub:0  ret void

]]></Node>
<StgValue><ssdm name=""/></StgValue>
</operation>
</state>

<state id="3" st_id="3">

<operation id="15" st_id="3" stage="1" lat="2">
<core>RAM</core>
<MemPortIdVec>0 </MemPortIdVec>
<condition id="6">
<or_exp><and_exp></and_exp></or_exp>
</condition>

<Node id="13" bw="16" op_0_bw="5">
<![CDATA[
:1  %p_int_load = load i16* %p_int_addr, align 2

]]></Node>
<StgValue><ssdm name="p_int_load"/></StgValue>
</operation>

<operation id="16" st_id="3" stage="1" lat="1">
<core>FIFO</core>
<MemPortIdVec></MemPortIdVec>
<condition id="6">
<or_exp><and_exp></and_exp></or_exp>
</condition>

<Node id="14" bw="0" op_0_bw="0" op_1_bw="16" op_2_bw="16">
<![CDATA[
:2  call void @_ssdm_op_Write.ap_fifo.volatile.i16P(i16* %b, i16 %p_int_load) nounwind

]]></Node>
<StgValue><ssdm name=""/></StgValue>
</operation>

<operation id="17" st_id="3" stage="1" lat="1">
<core>NULL</core>
<MemPortIdVec></MemPortIdVec>
<condition id="6">
<or_exp><and_exp></and_exp></or_exp>
</condition>

<Node id="16" bw="0" op_0_bw="0">
<![CDATA[
:4  br label %.preheader

]]></Node>
<StgValue><ssdm name=""/></StgValue>
</operation>
</state>
</state_list>


<ports>
<port id="22" name="p_int" dir="0" iftype="1">
<core>RAM</core><StgValue><ssdm name="p_int"/><MemPortTyVec>1 3 </MemPortTyVec>
</StgValue>
</port>
<port id="23" name="b" dir="1" iftype="3">
<core>FIFO</core><StgValue><ssdm name="b"/></StgValue>
</port>
</ports>


<dataflows>
<dataflow id="25" from="_ssdm_op_SpecInterface" to="StgValue_4" fromId="24" toId="4">
</dataflow>
<dataflow id="26" from="b" to="StgValue_4" fromId="23" toId="4">
</dataflow>
<dataflow id="28" from="p_str" to="StgValue_4" fromId="27" toId="4">
</dataflow>
<dataflow id="30" from="StgValue_29" to="StgValue_4" fromId="29" toId="4">
</dataflow>
<dataflow id="31" from="StgValue_29" to="StgValue_4" fromId="29" toId="4">
</dataflow>
<dataflow id="33" from="p_str1" to="StgValue_4" fromId="32" toId="4">
</dataflow>
<dataflow id="34" from="StgValue_29" to="StgValue_4" fromId="29" toId="4">
</dataflow>
<dataflow id="35" from="StgValue_29" to="StgValue_4" fromId="29" toId="4">
</dataflow>
<dataflow id="36" from="p_str1" to="StgValue_4" fromId="32" toId="4">
</dataflow>
<dataflow id="37" from="p_str1" to="StgValue_4" fromId="32" toId="4">
</dataflow>
<dataflow id="38" from="p_str1" to="StgValue_4" fromId="32" toId="4">
</dataflow>
<dataflow id="39" from="StgValue_29" to="StgValue_4" fromId="29" toId="4">
</dataflow>
<dataflow id="40" from="StgValue_29" to="StgValue_4" fromId="29" toId="4">
</dataflow>
<dataflow id="41" from="StgValue_29" to="StgValue_4" fromId="29" toId="4">
</dataflow>
<dataflow id="42" from="StgValue_29" to="StgValue_4" fromId="29" toId="4">
</dataflow>
<dataflow id="43" from="p_str1" to="StgValue_4" fromId="32" toId="4">
</dataflow>
<dataflow id="44" from="p_str1" to="StgValue_4" fromId="32" toId="4">
</dataflow>
<dataflow id="45" from="i" to="i1" fromId="13" toId="6">
<BackEdge/>
<condition id="19">
<or_exp><and_exp></and_exp></or_exp>
</condition>
</dataflow>
<dataflow id="46" from="StgValue_17" to="i1" fromId="17" toId="6">
<BackEdge/>
</dataflow>
<dataflow id="48" from="StgValue_47" to="i1" fromId="47" toId="6">
<condition id="20">
<or_exp><and_exp></and_exp></or_exp>
</condition>
</dataflow>
<dataflow id="49" from="StgValue_5" to="i1" fromId="5" toId="6">
</dataflow>
<dataflow id="50" from="i1" to="i1_cast5" fromId="6" toId="7">
</dataflow>
<dataflow id="51" from="i1" to="tmp" fromId="6" toId="8">
</dataflow>
<dataflow id="53" from="StgValue_52" to="tmp" fromId="52" toId="8">
</dataflow>
<dataflow id="55" from="_ssdm_op_SpecLoopTripCount" to="empty" fromId="54" toId="9">
</dataflow>
<dataflow id="57" from="StgValue_56" to="empty" fromId="56" toId="9">
</dataflow>
<dataflow id="58" from="StgValue_56" to="empty" fromId="56" toId="9">
</dataflow>
<dataflow id="59" from="StgValue_56" to="empty" fromId="56" toId="9">
</dataflow>
<dataflow id="60" from="tmp" to="StgValue_10" fromId="8" toId="10">
</dataflow>
<dataflow id="61" from="p_int" to="p_int_addr" fromId="22" toId="11">
</dataflow>
<dataflow id="62" from="StgValue_29" to="p_int_addr" fromId="29" toId="11">
</dataflow>
<dataflow id="63" from="i1_cast5" to="p_int_addr" fromId="7" toId="11">
</dataflow>
<dataflow id="64" from="p_int_addr" to="p_int_load" fromId="11" toId="12">
</dataflow>
<dataflow id="65" from="i1" to="i" fromId="6" toId="13">
</dataflow>
<dataflow id="66" from="StgValue_47" to="i" fromId="47" toId="13">
</dataflow>
<dataflow id="67" from="p_int_addr" to="p_int_load" fromId="11" toId="15">
</dataflow>
<dataflow id="69" from="_ssdm_op_Write.ap_fifo.volatile.i16P" to="StgValue_16" fromId="68" toId="16">
</dataflow>
<dataflow id="70" from="b" to="StgValue_16" fromId="23" toId="16">
</dataflow>
<dataflow id="71" from="p_int_load" to="StgValue_16" fromId="15" toId="16">
</dataflow>
<dataflow id="72" from="tmp" to="StgValue_2" fromId="8" toId="2">
</dataflow>
</dataflows>


</stg>
