<profile>

<section name = "Vivado HLS Report for 'Loop_1_proc'" level="0">
<item name = "Date">Fri Mar 29 15:02:13 2019
</item>
<item name = "Version">2018.2 (Build 2258646 on Thu Jun 14 20:25:20 MDT 2018)</item>
<item name = "Project">dataflow</item>
<item name = "Solution">solution</item>
<item name = "Product family">zynq</item>
<item name = "Target device">xc7z020clg400-1</item>
</section>

<section name = "Performance Estimates" level="0">
<item name = "Timing (ns)">
<section name = "" level="1">
<item name = "Summary"><table name="" hasTotal="0">
<keys size="4">Clock, Target, Estimated, Uncertainty</keys>
<column name="ap_clk">10.00, 5.956, 2.70</column>
</table>
</item>
</section>
</item>
<item name = "Latency (clock cycles)">
<section name = "" level="1">
<item name = "Summary"><table name="" hasTotal="0">
<keys size="6">, min, max, min, max, Type</keys>
<column name="">33, 33, 33, 33, none</column>
</table>
</item>
<item name = "Detail">
<section name = "" level="1">
<item name = "Instance"><table name="" hasTotal="0">
<keys size="7">Instance, Module, min, max, min, max, Type</keys>
</table>
</item>
<item name = "Loop"><table name="" hasTotal="0">
<keys size="8">Loop Name, min, max, Latency, achieved, target, Count, Pipelined</keys>
<column name="- Loop 1">32, 32, 1, -, -, 32, no</column>
</table>
</item>
</section>
</item>
</section>
</item>
</section>

<section name = "Utilization Estimates" level="0">
<item name = "Summary"><table name="" hasTotal="1">
<keys size="5">Name, BRAM_18K, DSP48E, FF, LUT</keys>
<column name="DSP">-, -, -, -</column>
<column name="Expression">-, -, 0, 30</column>
<column name="FIFO">-, -, -, -</column>
<column name="Instance">-, -, -, -</column>
<column name="Memory">-, -, -, -</column>
<column name="Multiplexer">-, -, -, 42</column>
<column name="Register">-, -, 9, -</column>
<specialColumn name="Available">280, 220, 106400, 53200</specialColumn>
<specialColumn name="Utilization (%)">0, 0, ~0, ~0</specialColumn>
</table>
</item>
<item name = "Detail">
<section name = "" level="1">
<item name = "Instance"><table name="" hasTotal="1">
<keys size="6">Instance, Module, BRAM_18K, DSP48E, FF, LUT</keys>
</table>
</item>
<item name = "DSP48"><table name="" hasTotal="0">
<keys size="3">Instance, Module, Expression</keys>
</table>
</item>
<item name = "Memory"><table name="" hasTotal="1">
<keys size="9">Memory, Module, BRAM_18K, FF, LUT, Words, Bits, Banks, W*Bits*Banks</keys>
</table>
</item>
<item name = "FIFO"><table name="" hasTotal="1">
<keys size="7">Name, BRAM_18K, FF, LUT, Depth, Bits, Size:D*B</keys>
</table>
</item>
<item name = "Expression"><table name="" hasTotal="1">
<keys size="7">Variable Name, Operation, DSP48E, FF, LUT, Bitwidth P0, Bitwidth P1</keys>
<column name="i_fu_66_p2">+, 0, 0, 15, 6, 1</column>
<column name="ap_block_state2">and, 0, 0, 2, 1, 1</column>
<column name="exitcond_i_i_fu_60_p2">icmp, 0, 0, 11, 6, 7</column>
<column name="ap_block_state1">or, 0, 0, 2, 1, 1</column>
</table>
</item>
<item name = "Multiplexer"><table name="" hasTotal="1">
<keys size="5">Name, LUT, Input Size, Bits, Total Bits</keys>
<column name="a_blk_n">9, 2, 1, 2</column>
<column name="ap_NS_fsm">15, 3, 1, 3</column>
<column name="ap_done">9, 2, 1, 2</column>
<column name="i_0_i_i_reg_44">9, 2, 6, 12</column>
</table>
</item>
<item name = "Register"><table name="" hasTotal="1">
<keys size="5">Name, FF, LUT, Bits, Const Bits</keys>
<column name="ap_CS_fsm">2, 0, 2, 0</column>
<column name="ap_done_reg">1, 0, 1, 0</column>
<column name="i_0_i_i_reg_44">6, 0, 6, 0</column>
</table>
</item>
</section>
</item>
</section>

<section name = "Interface" level="0">
<item name = "Summary"><table name="" hasTotal="0">
<keys size="6">RTL Ports, Dir, Bits, Protocol, Source Object, C Type</keys>
<column name="ap_clk">in, 1, ap_ctrl_hs, Loop_1_proc, return value</column>
<column name="ap_rst">in, 1, ap_ctrl_hs, Loop_1_proc, return value</column>
<column name="ap_start">in, 1, ap_ctrl_hs, Loop_1_proc, return value</column>
<column name="ap_done">out, 1, ap_ctrl_hs, Loop_1_proc, return value</column>
<column name="ap_continue">in, 1, ap_ctrl_hs, Loop_1_proc, return value</column>
<column name="ap_idle">out, 1, ap_ctrl_hs, Loop_1_proc, return value</column>
<column name="ap_ready">out, 1, ap_ctrl_hs, Loop_1_proc, return value</column>
<column name="a_dout">in, 16, ap_fifo, a, pointer</column>
<column name="a_empty_n">in, 1, ap_fifo, a, pointer</column>
<column name="a_read">out, 1, ap_fifo, a, pointer</column>
<column name="p_int_address0">out, 5, ap_memory, p_int, array</column>
<column name="p_int_ce0">out, 1, ap_memory, p_int, array</column>
<column name="p_int_we0">out, 1, ap_memory, p_int, array</column>
<column name="p_int_d0">out, 16, ap_memory, p_int, array</column>
</table>
</item>
</section>
</profile>
