<?xml version="1.0" encoding="UTF-8"?>
<xd:addressMap xmlns:xd="http://www.xilinx.com/xd">
  <xd:addressRange xd:componentRef="dm_0" xd:addressSpace="Data_MM2S" xd:segment="SEG_ps7_0_ACP_DDR_LOWOCM" xd:slaveRef="ps7_0" xd:slaveInterface="S_AXI_ACP" xd:slaveSegment="ACP_DDR_LOWOCM" xd:baseAddr="0x00000000" xd:range="0x20000000"/>
  <xd:addressRange xd:componentRef="dm_1" xd:addressSpace="Data_S2MM" xd:segment="SEG_ps7_0_ACP_DDR_LOWOCM" xd:slaveRef="ps7_0" xd:slaveInterface="S_AXI_ACP" xd:slaveSegment="ACP_DDR_LOWOCM" xd:baseAddr="0x00000000" xd:range="0x20000000"/>
  <xd:addressRange xd:componentRef="dm_0" xd:addressSpace="Data_MM2S" xd:segment="SEG_ps7_0_ACP_QSPI_LINEAR" xd:slaveRef="ps7_0" xd:slaveInterface="S_AXI_ACP" xd:slaveSegment="ACP_QSPI_LINEAR" xd:baseAddr="0xFC000000" xd:range="0x1000000"/>
  <xd:addressRange xd:componentRef="dm_1" xd:addressSpace="Data_S2MM" xd:segment="SEG_ps7_0_ACP_QSPI_LINEAR" xd:slaveRef="ps7_0" xd:slaveInterface="S_AXI_ACP" xd:slaveSegment="ACP_QSPI_LINEAR" xd:baseAddr="0xFC000000" xd:range="0x1000000"/>
  <xd:addressRange xd:componentRef="ps7_0" xd:addressSpace="Data" xd:segment="SEG_dm_0_Reg" xd:slaveRef="dm_0" xd:slaveInterface="S_AXI_LITE" xd:slaveSegment="Reg" xd:baseAddr="0x40400000" xd:range="0x10000"/>
  <xd:addressRange xd:componentRef="ps7_0" xd:addressSpace="Data" xd:segment="SEG_dm_1_Reg" xd:slaveRef="dm_1" xd:slaveInterface="S_AXI_LITE" xd:slaveSegment="Reg" xd:baseAddr="0x40410000" xd:range="0x10000"/>
  <xd:addressRange xd:componentRef="ps7_0" xd:addressSpace="Data" xd:segment="SEG_sharpen_filter_1_if_reg0" xd:slaveRef="sharpen_filter_1_if" xd:slaveInterface="S_AXI" xd:slaveSegment="reg0" xd:baseAddr="0x43C00000" xd:range="0x10000"/>
  <xd:addressRange xd:componentRef="ps7_0" xd:addressSpace="Data" xd:segment="SEG_sobel_filter_1_if_reg0" xd:slaveRef="sobel_filter_1_if" xd:slaveInterface="S_AXI" xd:slaveSegment="reg0" xd:baseAddr="0x43C10000" xd:range="0x10000"/>
</xd:addressMap>
