{
    "Used Resources": [
        {
            "ip_instance": "pynq_z2_sharpen_filter_1_0",
            "resources": [
                {
                    "LUT": "126"
                },
                {
                    "LUTMem": "1"
                },
                {
                    "REG": "195"
                },
                {
                    "F7MUX": "0"
                },
                {
                    "F8MUX": "0"
                },
                {
                    "BRAM": "1"
                },
                {
                    "DSP": "0"
                },
                {
                    "GLOBAL_CLOCK_BUFFERS": "0"
                },
                {
                    "MMCM": "0"
                },
                {
                    "PLL": "0"
                }
            ]
        },
        {
            "ip_instance": "pynq_z2_sobel_filter_1_0",
            "resources": [
                {
                    "LUT": "224"
                },
                {
                    "LUTMem": "1"
                },
                {
                    "REG": "311"
                },
                {
                    "F7MUX": "0"
                },
                {
                    "F8MUX": "0"
                },
                {
                    "BRAM": "1"
                },
                {
                    "DSP": "0"
                },
                {
                    "GLOBAL_CLOCK_BUFFERS": "0"
                },
                {
                    "MMCM": "0"
                },
                {
                    "PLL": "0"
                }
            ]
        }
    ]
}
