<?xml version="1.0" encoding="UTF-8"?>
<xd:component xmlns:xd="http://www.xilinx.com/xd" xd:type="design">
  <xd:repository xd:vendor="xilinx.com" xd:library="xd" xd:name="design_lib" xd:version="1.0">
    <xd:file xd:name="adapter_v3_0.xml"/>
    <xd:file xd:name="axis_data_fifo_v1_1.xml"/>
    <xd:file xd:name="axis_dwidth_converter_v1_1.xml"/>
    <xd:file xd:name="axis_ic2sgdma_v1_0.xml"/>
    <xd:file xd:name="axis_interconnect_v2_1.xml"/>
    <xd:file xd:name="axi_dma_v7_1.xml"/>
    <xd:file xd:name="axi_fifo_mm_s_v4_1.xml"/>
    <xd:file xd:name="axi_fifo_register_v3_0.xml"/>
    <xd:file xd:name="axi_interconnect_v2_1.xml"/>
    <xd:file xd:name="axi_perf_mon_v5_0.xml"/>
    <xd:file xd:name="axi_protocol_converter_v2_1.xml"/>
    <xd:file xd:name="hbm_memory_subsystem_v1_0.xml"/>
    <xd:file xd:name="mdm_v3_2.xml"/>
    <xd:file xd:name="processing_system7_v5_5.xml"/>
    <xd:file xd:name="sdx_memory_subsystem_v1_0.xml"/>
    <xd:file xd:name="sgdma2axis_ic_v1_0.xml"/>
    <xd:file xd:name="smartconnect_v1_0.xml"/>
    <xd:file xd:name="system_cache_v4_0.xml"/>
    <xd:file xd:name="trace_monitor_accelerator_v3_0.xml"/>
    <xd:file xd:name="trace_monitor_axi_master_v1_0.xml"/>
    <xd:file xd:name="trace_monitor_axi_stream_v3_0.xml"/>
    <xd:file xd:name="trace_monitor_dma_scattergather_counter_v2_0.xml"/>
    <xd:file xd:name="trace_monitor_dma_simple_counter_v2_0.xml"/>
    <xd:file xd:name="trace_monitor_sim_v3_0.xml"/>
    <xd:file xd:name="trace_monitor_v3_0.xml"/>
    <xd:file xd:name="xlconcat_v2_1.xml"/>
    <xd:file xd:name="xlconstant_v1_1.xml"/>
    <xd:file xd:name="xlslice_v1_0.xml"/>
    <xd:file xd:name="pynq_z1.hpfm"/>
    <xd:file xd:name="dataflow.xml"/>
    <xd:file xd:name="dataflow_if.xml"/>
    <xd:file xd:name="dataflow.dataflow.fcnmap.xml"/>
  </xd:repository>
</xd:component>
