{
    "Used Resources": [
        {
            "ip_instance": "pynq_z1_dataflow_1_0",
            "resources": [
                {
                    "LUT": "27"
                },
                {
                    "LUTMem": "0"
                },
                {
                    "REG": "28"
                },
                {
                    "F7MUX": "0"
                },
                {
                    "F8MUX": "0"
                },
                {
                    "BRAM": "0"
                },
                {
                    "DSP": "0"
                },
                {
                    "GLOBAL_CLOCK_BUFFERS": "0"
                },
                {
                    "MMCM": "0"
                },
                {
                    "PLL": "0"
                }
            ]
        }
    ]
}
