<?xml version="1.0"?>
<cf:model cf:cpu="cortex_a9" cf:partition="0" cf:prefix="_p0_" cf:name="top" xd:type="design" xmlns:xd="http://www.xilinx.com/xd" xmlns:cf="http://www.xilinx.com/connections">
  <cf:block cf:name="hwblk_dataflow">
    <cf:port cf:name="cmd_dataflow" cf:portType="stream" cf:direction="in"/>
    <cf:port cf:name="a" cf:portType="stream" cf:direction="in"/>
    <cf:port cf:name="b" cf:portType="stream" cf:direction="out"/>
  </cf:block>
  <cf:block cf:name="swblk_dataflow">
    <cf:port cf:name="cmd_dataflow" cf:portType="stream" cf:direction="out"/>
    <cf:port cf:name="a" cf:portType="stream" cf:direction="out"/>
    <cf:port cf:name="b" cf:portType="stream" cf:direction="in"/>
  </cf:block>
  <cf:comp cf:name="pynq_z2" xd:componentRef="pynq_z2" xd:clockId="0"/>
  <cf:comp cf:name="dm_0" xd:componentRef="axi_dma"/>
  <cf:comp cf:name="dataflow_1" xd:componentRef="dataflow" xd:clockId="0"/>
  <cf:instance cf:name="hwinst_dataflow_1" cf:blockName="hwblk_dataflow" cf:compName="dataflow_1">
    <cf:portMap cf:blockPort="cmd_dataflow" cf:compPort="ap_ctrl" xd:register="0x8"/>
    <cf:portMap cf:blockPort="a" cf:compPort="a" xd:paddedWidth="16"/>
    <cf:portMap cf:blockPort="b" cf:compPort="b" xd:paddedWidth="16"/>
  </cf:instance>
  <cf:instance cf:name="swinst_dataflow_1" cf:blockName="swblk_dataflow" cf:compName="pynq_z2">
    <cf:portMap cf:blockPort="cmd_dataflow" cf:compPort="ps7_0_M_AXI_GP0"/>
    <cf:portMap cf:blockPort="a" cf:compPort="ps7_0_S_AXI_ACP"/>
    <cf:portMap cf:blockPort="b" cf:compPort="ps7_0_S_AXI_ACP"/>
  </cf:instance>
  <cf:connection cf:srcInst="swinst_dataflow_1" cf:srcPort="cmd_dataflow" cf:dstInst="hwinst_dataflow_1" cf:dstPort="cmd_dataflow">
    <cf:dataMover cf:compName="pynq_z2" cf:softwareLib="axi_lite"/>
  </cf:connection>
  <cf:connection cf:srcInst="swinst_dataflow_1" cf:srcPort="a" cf:dstInst="hwinst_dataflow_1" cf:dstPort="a">
    <cf:dataMover cf:compName="dm_0" cf:softwareLib="axi_dma_sg"/>
  </cf:connection>
  <cf:connection cf:srcInst="hwinst_dataflow_1" cf:srcPort="b" cf:dstInst="swinst_dataflow_1" cf:dstPort="b">
    <cf:dataMover cf:compName="dm_0" cf:softwareLib="axi_dma_sg"/>
  </cf:connection>
</cf:model>
