<?xml version="1.0" encoding="utf-8"?>
<Messages>
	<Message severity="INFO" prefix="[HLS 200-10]" key="HLS_10_1312" tag="" content="Analyzing design file &apos;C:/xup/SDSoC/labs/lab5a/src/sharpen.c&apos; ..."/>
	<Message severity="INFO" prefix="[HLS 200-111]" key="HLS_111_965" tag="" content="Finished Linking Time (s): cpu = 00:00:01 ; elapsed = 00:00:15 . Memory (MB): peak = 103.254 ; gain = 45.973"/>
	<Message severity="INFO" prefix="[HLS 200-111]" key="HLS_111_965" tag="" content="Finished Checking Pragmas Time (s): cpu = 00:00:01 ; elapsed = 00:00:15 . Memory (MB): peak = 103.254 ; gain = 45.973"/>
	<Message severity="INFO" prefix="[HLS 200-10]" key="HLS_10_1467" tag="" content="Starting code transformations ..."/>
	<Message severity="INFO" prefix="[XFORM 203-603]" key="XFORM_INLINE_STATUS_221" tag="" content="Inlining function &apos;linebuffer_shift_up&apos; into &apos;sharpen_filter&apos; (C:/xup/SDSoC/labs/lab5a/src/sharpen.c:86)."/>
	<Message severity="INFO" prefix="[XFORM 203-603]" key="XFORM_INLINE_STATUS_221" tag="" content="Inlining function &apos;linebuffer_getval&apos; into &apos;sharpen_filter&apos; (C:/xup/SDSoC/labs/lab5a/src/sharpen.c:107)."/>
	<Message severity="INFO" prefix="[XFORM 203-603]" key="XFORM_INLINE_STATUS_221" tag="" content="Inlining function &apos;linebuffer_getval&apos; into &apos;sharpen_filter&apos; (C:/xup/SDSoC/labs/lab5a/src/sharpen.c:87)."/>
	<Message severity="INFO" prefix="[XFORM 203-603]" key="XFORM_INLINE_STATUS_221" tag="" content="Inlining function &apos;linebuffer_insert_bottom&apos; into &apos;sharpen_filter&apos; (C:/xup/SDSoC/labs/lab5a/src/sharpen.c:98)."/>
	<Message severity="INFO" prefix="[XFORM 203-603]" key="XFORM_INLINE_STATUS_221" tag="" content="Inlining function &apos;window_shift_right&apos; into &apos;sharpen_filter&apos; (C:/xup/SDSoC/labs/lab5a/src/sharpen.c:102)."/>
	<Message severity="INFO" prefix="[XFORM 203-603]" key="XFORM_INLINE_STATUS_221" tag="" content="Inlining function &apos;window_insert&apos; into &apos;sharpen_filter&apos; (C:/xup/SDSoC/labs/lab5a/src/sharpen.c:107)."/>
	<Message severity="INFO" prefix="[XFORM 203-603]" key="XFORM_INLINE_STATUS_221" tag="" content="Inlining function &apos;window_insert&apos; into &apos;sharpen_filter&apos; (C:/xup/SDSoC/labs/lab5a/src/sharpen.c:108)."/>
	<Message severity="INFO" prefix="[XFORM 203-603]" key="XFORM_INLINE_STATUS_221" tag="" content="Inlining function &apos;window_insert&apos; into &apos;sharpen_filter&apos; (C:/xup/SDSoC/labs/lab5a/src/sharpen.c:109)."/>
	<Message severity="INFO" prefix="[XFORM 203-603]" key="XFORM_INLINE_STATUS_221" tag="" content="Inlining function &apos;window_getval&apos; into &apos;sharpen_operator&apos; (C:/xup/SDSoC/labs/lab5a/src/sharpen.c:49)."/>
	<Message severity="INFO" prefix="[HLS 200-111]" key="HLS_111_965" tag="" content="Finished Standard Transforms Time (s): cpu = 00:00:01 ; elapsed = 00:00:16 . Memory (MB): peak = 105.027 ; gain = 47.746"/>
	<Message severity="INFO" prefix="[HLS 200-10]" key="HLS_10_1472" tag="" content="Checking synthesizability ..."/>
	<Message severity="INFO" prefix="[XFORM 203-602]" key="XFORM_AUTO_INLINE_STATUS_223" tag="" content="Inlining function &apos;sharpen_operator&apos; into &apos;sharpen_filter&apos; (C:/xup/SDSoC/labs/lab5a/src/sharpen.c:116) automatically."/>
	<Message severity="INFO" prefix="[HLS 200-111]" key="HLS_111_965" tag="" content="Finished Checking Synthesizability Time (s): cpu = 00:00:01 ; elapsed = 00:00:16 . Memory (MB): peak = 105.285 ; gain = 48.004"/>
	<Message severity="INFO" prefix="[XFORM 203-502]" key="XFORM_AUTO_UNROLL_STATUS_246" tag="" content="Unrolling all sub-loops inside loop &apos;Loop-1.1&apos; (C:/xup/SDSoC/labs/lab5a/src/sharpen.c:73) in function &apos;sharpen_filter&apos; for pipelining."/>
	<Message severity="INFO" prefix="[XFORM 203-502]" key="XFORM_AUTO_UNROLL_STATUS_250" tag="" content="Unrolling all loops for pipelining in function &apos;sharpen_operator&apos; (C:/xup/SDSoC/labs/lab5a/src/sharpen.c:34)."/>
	<Message severity="INFO" prefix="[XFORM 203-501]" key="XFORM_UNROLL_STATUS_325" tag="" content="Unrolling loop &apos;Loop-1.1.1&apos; (C:/xup/SDSoC/labs/lab5a/src/sharpen.c:138) in function &apos;sharpen_filter&apos; completely."/>
	<Message severity="INFO" prefix="[XFORM 203-501]" key="XFORM_UNROLL_STATUS_325" tag="" content="Unrolling loop &apos;Loop-1.1.2&apos; (C:/xup/SDSoC/labs/lab5a/src/sharpen.c:178) in function &apos;sharpen_filter&apos; completely."/>
	<Message severity="INFO" prefix="[XFORM 203-501]" key="XFORM_UNROLL_STATUS_325" tag="" content="Unrolling loop &apos;Loop-1.1.2.1&apos; (C:/xup/SDSoC/labs/lab5a/src/sharpen.c:182) in function &apos;sharpen_filter&apos; completely."/>
	<Message severity="INFO" prefix="[XFORM 203-501]" key="XFORM_UNROLL_STATUS_325" tag="" content="Unrolling loop &apos;Loop-1&apos; (C:/xup/SDSoC/labs/lab5a/src/sharpen.c:46) in function &apos;sharpen_operator&apos; completely."/>
	<Message severity="INFO" prefix="[XFORM 203-501]" key="XFORM_UNROLL_STATUS_325" tag="" content="Unrolling loop &apos;Loop-1.1&apos; (C:/xup/SDSoC/labs/lab5a/src/sharpen.c:47) in function &apos;sharpen_operator&apos; completely."/>
	<Message severity="INFO" prefix="[XFORM 203-102]" key="XFORM_AUTO_PARTITION_STATUS_120" tag="" content="Partitioning array &apos;window.0&apos; automatically."/>
	<Message severity="INFO" prefix="[XFORM 203-102]" key="XFORM_AUTO_PARTITION_STATUS_120" tag="" content="Partitioning array &apos;window.1&apos; automatically."/>
	<Message severity="INFO" prefix="[XFORM 203-102]" key="XFORM_AUTO_PARTITION_STATUS_120" tag="" content="Partitioning array &apos;window.2&apos; automatically."/>
	<Message severity="INFO" prefix="[XFORM 203-102]" key="XFORM_AUTO_PARTITION_STATUS_121" tag="" content="Partitioning array &apos;buff_A&apos; (C:/xup/SDSoC/labs/lab5a/src/sharpen.c:69) in dimension 1 automatically."/>
	<Message severity="INFO" prefix="[XFORM 203-102]" key="XFORM_AUTO_PARTITION_STATUS_121" tag="" content="Partitioning array &apos;buff_C&apos; (C:/xup/SDSoC/labs/lab5a/src/sharpen.c:70) in dimension 1 automatically."/>
	<Message severity="INFO" prefix="[XFORM 203-102]" key="XFORM_AUTO_PARTITION_STATUS_120" tag="" content="Partitioning array &apos;buff_C.0&apos; (C:/xup/SDSoC/labs/lab5a/src/sharpen.c:70) automatically."/>
	<Message severity="INFO" prefix="[XFORM 203-102]" key="XFORM_AUTO_PARTITION_STATUS_120" tag="" content="Partitioning array &apos;buff_C.1&apos; (C:/xup/SDSoC/labs/lab5a/src/sharpen.c:70) automatically."/>
	<Message severity="INFO" prefix="[XFORM 203-102]" key="XFORM_AUTO_PARTITION_STATUS_120" tag="" content="Partitioning array &apos;buff_C.2&apos; (C:/xup/SDSoC/labs/lab5a/src/sharpen.c:70) automatically."/>
	<Message severity="INFO" prefix="[XFORM 203-602]" key="XFORM_AUTO_INLINE_STATUS_223" tag="" content="Inlining function &apos;sharpen_operator&apos; into &apos;sharpen_filter&apos; (C:/xup/SDSoC/labs/lab5a/src/sharpen.c:116) automatically."/>
	<Message severity="WARNING" prefix="[XFORM 203-124]" key="XFORM_ARRAY_STREAM_WARNING_632" tag="" content="Array  &apos;input&apos;: may have improper streaming access(es), possible reasons: (1) some entries are accessed more than once; (2) some entries are not used; (3) the entries are not accessed in sequential order."/>
	<Message severity="WARNING" prefix="[XFORM 203-124]" key="XFORM_ARRAY_STREAM_WARNING_632" tag="" content="Array  &apos;output&apos;: may have improper streaming access(es), possible reasons: (1) some entries are accessed more than once; (2) some entries are not used; (3) the entries are not accessed in sequential order."/>
	<Message severity="INFO" prefix="[XFORM 203-401]" key="XFORM_IFCONV_STATUS_239" tag="" content="Performing if-conversion on hyperblock from (C:/xup/SDSoC/labs/lab5a/src/sharpen.c:186:2) to (C:/xup/SDSoC/labs/lab5a/src/sharpen.c:120:4) in function &apos;sharpen_filter&apos;... converting 3 basic blocks."/>
	<Message severity="INFO" prefix="[HLS 200-111]" key="HLS_111_965" tag="" content="Finished Pre-synthesis Time (s): cpu = 00:00:02 ; elapsed = 00:00:16 . Memory (MB): peak = 127.266 ; gain = 69.984"/>
	<Message severity="INFO" prefix="[XFORM 203-541]" key="XFORM_LOOPFLAT_STATUS_218" tag="" content="Flattening a loop nest &apos;Loop-1&apos; (C:/xup/SDSoC/labs/lab5a/src/sharpen.c:72:7) in function &apos;sharpen_filter&apos;."/>
	<Message severity="INFO" prefix="[HLS 200-111]" key="HLS_111_965" tag="" content="Finished Architecture Synthesis Time (s): cpu = 00:00:02 ; elapsed = 00:00:17 . Memory (MB): peak = 127.266 ; gain = 69.984"/>
	<Message severity="INFO" prefix="[HLS 200-10]" key="HLS_10_1317" tag="" content="Starting hardware synthesis ..."/>
	<Message severity="INFO" prefix="[HLS 200-10]" key="HLS_10_1385" tag="" content="Synthesizing &apos;sharpen_filter&apos; ..."/>
	<Message severity="WARNING" prefix="[SYN 201-107]" key="SYN_PORT_NAME_ILLEGAL_593" tag="" content="Renaming port name &apos;sharpen_filter/input&apos; to &apos;sharpen_filter/input_r&apos; to avoid the conflict with HDL keywords or other object names."/>
	<Message severity="WARNING" prefix="[SYN 201-107]" key="SYN_PORT_NAME_ILLEGAL_593" tag="" content="Renaming port name &apos;sharpen_filter/output&apos; to &apos;sharpen_filter/output_r&apos; to avoid the conflict with HDL keywords or other object names."/>
	<Message severity="INFO" prefix="[HLS 200-10]" key="HLS_10_1477" tag="" content="----------------------------------------------------------------"/>
	<Message severity="INFO" prefix="[HLS 200-42]" key="HLS_42_1438" tag="" content="-- Implementing module &apos;sharpen_filter&apos;"/>
	<Message severity="INFO" prefix="[HLS 200-10]" key="HLS_10_1478" tag="" content="----------------------------------------------------------------"/>
	<Message severity="INFO" prefix="[SCHED 204-11]" key="SCHED_SCHED_STATUS_597" tag="" content="Starting scheduling ..."/>
	<Message severity="INFO" prefix="[SCHED 204-61]" key="SCHED_PIPELINING_STATUS_41" tag="" content="Pipelining loop &apos;Loop 1&apos;."/>
	<Message severity="INFO" prefix="[SCHED 204-61]" key="SCHED_PIPELINING_STATUS_44" tag="" content="Pipelining result : Target II = 1, Final II = 1, Depth = 6."/>
	<Message severity="WARNING" prefix="[SCHED 204-71]" key="SCHED_LATENCY_CONSTRAINT_NOT_MET_14" tag="SDX,THROUGHPUT,SCHEDULE" content="Latency directive discarded for region sharpen_filter since it contains subloops."/>
	<Message severity="INFO" prefix="[SCHED 204-11]" key="SCHED_SCHED_STATUS_596" tag="" content="Finished scheduling."/>
	<Message severity="INFO" prefix="[HLS 200-111]" key="HLS_111_966" tag="" content=" Elapsed time: 16.944 seconds; current allocated memory: 76.742 MB."/>
	<Message severity="INFO" prefix="[BIND 205-100]" key="BIND_100_926" tag="" content="Starting micro-architecture generation ..."/>
	<Message severity="INFO" prefix="[BIND 205-101]" key="BIND_101_698" tag="" content="Performing variable lifetime analysis."/>
	<Message severity="INFO" prefix="[BIND 205-101]" key="BIND_101_697" tag="" content="Exploring resource sharing."/>
	<Message severity="INFO" prefix="[BIND 205-101]" key="BIND_101_693" tag="" content="Binding ..."/>
	<Message severity="INFO" prefix="[BIND 205-100]" key="BIND_100_925" tag="" content="Finished micro-architecture generation."/>
	<Message severity="INFO" prefix="[HLS 200-111]" key="HLS_111_966" tag="" content=" Elapsed time: 0.189 seconds; current allocated memory: 77.037 MB."/>
	<Message severity="INFO" prefix="[HLS 200-10]" key="HLS_10_1483" tag="" content="----------------------------------------------------------------"/>
	<Message severity="INFO" prefix="[HLS 200-10]" key="HLS_10_1484" tag="" content="-- Generating RTL for module &apos;sharpen_filter&apos;"/>
	<Message severity="INFO" prefix="[HLS 200-10]" key="HLS_10_1485" tag="" content="----------------------------------------------------------------"/>
	<Message severity="INFO" prefix="[RTGEN 206-500]" key="PREPROC_IO_COMP_CONFLICT_1950" tag="" content="Setting interface mode on port &apos;sharpen_filter/input_r&apos; to &apos;ap_fifo&apos;."/>
	<Message severity="INFO" prefix="[RTGEN 206-500]" key="PREPROC_IO_COMP_CONFLICT_1950" tag="" content="Setting interface mode on port &apos;sharpen_filter/output_r&apos; to &apos;ap_fifo&apos;."/>
	<Message severity="INFO" prefix="[RTGEN 206-500]" key="PREPROC_IO_COMP_CONFLICT_1950" tag="" content="Setting interface mode on function &apos;sharpen_filter&apos; to &apos;ap_ctrl_hs&apos;."/>
	<Message severity="INFO" prefix="[SYN 201-210]" key="SYN_210_889" tag="" content="Renamed object name &apos;sharpen_filter_buff_A_0&apos; to &apos;sharpen_filter_bubkb&apos; due to the length limit 20"/>
	<Message severity="INFO" prefix="[SYN 201-210]" key="SYN_210_889" tag="" content="Renamed object name &apos;sharpen_filter_buff_A_1&apos; to &apos;sharpen_filter_bucud&apos; due to the length limit 20"/>
	<Message severity="INFO" prefix="[SYN 201-210]" key="SYN_210_889" tag="" content="Renamed object name &apos;sharpen_filter_buff_A_2&apos; to &apos;sharpen_filter_budEe&apos; due to the length limit 20"/>
	<Message severity="INFO" prefix="[RTGEN 206-100]" key="RTGEN_100_856" tag="" content="Finished creating RTL model for &apos;sharpen_filter&apos;."/>
	<Message severity="INFO" prefix="[HLS 200-111]" key="HLS_111_966" tag="" content=" Elapsed time: 0.32 seconds; current allocated memory: 77.773 MB."/>
	<Message severity="INFO" prefix="[RTMG 210-278]" key="RTMG_278_1790" tag="" content="Implementing memory &apos;a0_sharpen_filter_bubkb_ram (RAM)&apos; using block RAMs."/>
	<Message severity="INFO" prefix="[RTMG 210-278]" key="RTMG_278_1790" tag="" content="Implementing memory &apos;a0_sharpen_filter_budEe_ram (RAM)&apos; using block RAMs."/>
	<Message severity="INFO" prefix="[HLS 200-111]" key="HLS_111_965" tag="" content="Finished generating all RTL models Time (s): cpu = 00:00:04 ; elapsed = 00:00:22 . Memory (MB): peak = 127.949 ; gain = 70.668"/>
	<Message severity="INFO" prefix="[SYSC 207-301]" key="SYSC_301_1062" tag="" content="Generating SystemC RTL for sharpen_filter with prefix a0_."/>
	<Message severity="INFO" prefix="[VHDL 208-304]" key="VHDL_304_1063" tag="" content="Generating VHDL RTL for sharpen_filter with prefix a0_."/>
	<Message severity="INFO" prefix="[VLOG 209-307]" key="VLOG_307_1064" tag="" content="Generating Verilog RTL for sharpen_filter with prefix a0_."/>
</Messages>
